Component RT,Compound Name,Match Factor,Best Hit,Formula,Area %,Area % Max.,Base Peak Area,MZ
8.01648145251964,Phenol,97.4365278159228,True,C6H6O,,,11976104.6204942,
11.459308257033,"Phenol, 3-ethoxy-",89.7945575057632,True,C8H10O2,,,1229213.68697458,
11.4530835647425,Catechol,96.3649715843193,True,C6H6O2,,,1229213.68697458,
13.7202984439402,"Phenol, 2,6-dimethoxy-",96.6731346387411,True,C8H10O3,,,884738.158367628,
9.55719542427535,p-Cresol,99.2912818213145,True,C7H8O,,,802786.531666414,
15.0142031059731,Salicyl hydrazide,91.6801592000446,True,C7H8N2O2,,,797410.099110651,
14.0828184421943,Ethyl p-hydroxybenzoate,87.3664503225338,True,C8H10O2,,,768969.669500884,
12.7284335637422,"Phenol, 4-ethyl-2-methoxy-",96.4083946235437,True,C9H12O2,,,747294.25905193,
9.22974630261566,"Phenol, 2-methyl-",98.4053865593624,True,C7H8O,,,737794.686505451,
9.85206314586139,"Phenol, 2-methoxy-",98.0201595800244,True,C7H8O2,,,588724.002599065,
12.789616303944,"1,2-Benzenediol, 4-methyl-",97.5779059276892,True,C7H8O2,,,586367.284459324,
12.0849132656731,"Benzene, 1-ethyl-4-methoxy-",94.8080809097866,True,C9H12O,,,508213.528765561,
10.9968100538125,"Phenol, 4-ethyl-",91.8108176504208,True,C8H10O,,,495341.248415116,
11.4652422535949,2-Methoxy-5-methylphenol,90.3774632693493,True,C8H10O2,,,473826.46357949,
14.9755605911527,3-Hydroxy-4-methoxybenzoic acid,83.7591583998104,True,C8H8O4,,,467233.052354325,
10.7283866596944,"Phenol, 2,4-dimethyl-",98.8974698177687,True,C8H10O,,,458871.420409128,
16.354298795669,Dodecanoic acid,95.3622047027697,True,C12H24O2,,,406715.78543001,
15.9722620003516,5-tert-Butylpyrogallol,86.553277453897,True,C10H14O3,,,356926.782920083,
15.9722620003516,"Benzene, 1,2,3-trimethoxy-5-methyl-",86.5689153745339,True,C10H14O3,,,356926.782920083,
12.3876340077821,"1,2-Benzenediol, 3-methyl-",93.9295336984362,True,C7H8O2,,,346441.135608988,
16.0614247943283,"2-Propanone, 1-(4-hydroxy-3-methoxyphenyl)-",88.0160539769019,True,C10H12O3,,,267449.484468637,
12.4723107031036,"1,2-Benzenediol, 3-methoxy-",94.4151990054331,True,C7H8O3,,,234558.442766378,
10.5628729487039,"Phenol, 2-ethyl-",97.2686963133166,True,C8H10O,,,233894.51086999,
14.9038273726769,"Phenol, 4-ethyl-2-methoxy-",83.1443478024716,True,C9H12O2,,,219362.581607643,
15.0333508770244,"Phenol, 2-methoxy-4-(2-propenyl)-, acetate",82.0646111928291,True,C12H14O3,,,215089.048206718,
18.0151530869049,"(E)-2,6-Dimethoxy-4-(prop-1-en-1-yl)phenol",90.6913447396514,True,C11H14O3,,,205753.524187701,
14.0570206101361,"Benzoic acid, 4-methoxy-, methyl ester",81.2096119438102,True,C9H10O3,,,186624.76431629,
8.02895252015858,"1H-Imidazole, 1-ethyl-",76.4848879237076,True,C5H8N2,,,166204.756065487,
13.9510448212623,"Phenol, 2-methoxy-4-propyl-",80.846758829157,True,C10H14O2,,,165645.796967207,
16.9714047232805,Homosyringaldehyde,80.7439961962459,True,C10H12O4,,,162297.602558816,
15.2769525707524,"Glycine, N-(2-fluorobenzoyl)-, propyl ester",73.0297005886326,True,C12H14FNO3,,,148712.940567865,
13.5231012526832,Ethyl p-hydroxybenzoate,79.7016642665803,True,C8H10O2,,,147041.257301045,
11.9264920278203,"Phenol, 2-(1-methylethyl)-, methylcarbamate",88.989785163192,True,C11H15NO2,,,143124.669791813,
11.0312273454416,.beta.-Methoxy-.alpha.-phenylphenethyl alcohol,71.6185683165226,True,C15H16O2,,,138159.93511063,
6.01065214001463,"2-Propanone, 1-(acetyloxy)-",96.5446459013048,True,C5H8O3,,,135108.28982549,
8.7914135438683,"2-Cyclopenten-1-one, 2-hydroxy-3-methyl-",95.4848720475251,True,C6H8O2,,,132983.194305256,
10.1816730981164,"Benzofuran, 2-methyl-",95.8178198438068,True,C9H8O,,,126079.456320299,
21.5334501718912,"4,5-Dimethoxy-2-hydroxyacetophenone",82.1427947415218,True,C10H12O4,,,121664.850265294,
13.3519310201024,"Benzene, 1-methoxy-4-propyl-",81.2138634956477,True,C10H14O,,,120444.300552913,
13.1369926777466,"Benzene, 2-methoxy-1,3,5-trimethyl-",81.5071914174689,True,C10H14O,,,118840.672617378,
12.9149585911437,Thymol,83.7213871023892,True,C10H14O,,,116793.062090335,
15.5154389330413,"p-Cymene-2,5-diol",83.2926574424233,True,C10H14O2,,,108193.723357782,
13.8578149917231,5-Fluoro-2-hydroxyacetophenone,81.1313262492814,True,C8H7FO2,,,107521.364900119,
18.7926783383069,Syringylacetone,71.8164957547103,True,C11H14O4,,,100557.359227888,
15.8685224558194,"Dodecanoic acid, methyl ester",91.1541629144775,True,C13H26O2,,,99966.8423921234,
15.9666933424023,"Naphtho[2,1-b]furan",89.6425195667561,True,C12H8O,,,99359.5509501137,
10.1145011229714,"Phenol, 2,4-dimethyl-",93.0839872979798,True,C8H10O,,,92583.4317966402,
20.284553256406,"Hexadecanoic acid, methyl ester",88.9969272051031,True,C17H34O2,,,88128.1143056124,
11.3968536420481,Naphthalene,80.9925175095164,True,C10H8,,,84681.9205867225,
14.5507115659767,5-Methyl-2-allylphenol,70.784951685912,True,C10H12O,,,84028.1437948616,
14.3886118839737,Vanillin,82.309650298065,True,C8H8O3,,,82038.2200833838,
6.79006090209334,"Ethanone, 1-(2-furanyl)-",82.8262542479739,True,C6H6O2,,,81540.8485310562,
5.37251090071719,3-Furaldehyde,95.0387545363794,True,C5H4O2,,,81359.3751769285,
11.6182718587087,"Phenol, 2,3,5-trimethyl-",92.3918943436707,True,C9H12O,,,77480.9711122261,
6.73523228862675,"2-Cyclopenten-1-one, 2-methyl-",84.4557478559841,True,C6H8O,,,74836.5249392078,
9.01935902997609,"2-Cyclopenten-1-one, 2,3-dimethyl-",95.0027220412762,True,C7H10O,,,73895.0966293411,
14.5855951361203,"4-Methoxybenzoic acid, 2-methoxyethyl ester",73.077562690883,True,C11H14O4,,,70314.0944746055,
20.6224350371389,n-Hexadecanoic acid,95.8368433966493,True,C16H32O2,,,69651.0716076643,
11.256861036436,2-Methoxy-5-methylphenol,87.6836966509869,True,C8H10O2,,,68569.7898464351,
5.37695173597943,"1H-Pyrazole, 1-methyl-",85.4936924802186,True,C4H6N2,,,67487.5216750902,
9.37225225249946,"Acetic acid, phenyl ester",86.9298006395807,True,C8H8O2,,,67182.1842363488,
18.5586530171722,Tetradecanoic acid,92.5700617538531,True,C14H28O2,,,66301.8044361999,
13.8628415328589,"Ethanone, 1-(2-hydroxy-6-methoxyphenyl)-",79.154023324168,True,C9H10O3,,,66034.1963126942,
11.324997965371,"Phenol, 2-(1-methylethyl)-, methylcarbamate",86.5057164758211,True,C11H15NO2,,,64834.2836225824,
12.1602351952741,"2,2'-Bifuran",85.820610660378,True,C8H6O2,,,63624.7309689917,
17.459404901789,"Phenol, 2,6-dimethoxy-4-(2-propenyl)-",75.8356911146666,True,C11H14O3,,,61798.0762439878,
14.4956063638246,"Phenol, 2-methoxy-4-(1-propenyl)-, acetate",70.2355434197622,True,C12H14O3,,,60582.0403780577,
14.494724615308,"Phenol, 2-methoxy-4-(1-propenyl)-, (Z)-",82.2856304993274,True,C10H12O2,,,60582.0403780577,
8.31736996840612,Benzofuran,92.1575435618552,True,C8H6O,,,60283.1223847611,
13.0176019669274,"Naphthalene, 2-methyl-",81.8595398926634,True,C11H10,,,53471.9731007425,
11.7203078315551,"1H-Benzimidazole, 5,6-dimethyl-",84.1024233650211,True,C9H10N2,,,52505.7136393486,
11.3801360508776,Valeric anhydride,87.6912018947917,True,C10H18O3,,,51027.2502747494,
4.23264103450071,"Propanoic acid, anhydride",75.2977780943986,True,C6H10O3,,,48918.4122717296,
16.1407864625313,"3,4,5-Trihydroxyphthalaldehyde",76.7087561118152,True,C8H6O5,,,47668.2026491297,
13.5208630939539,1-(3-Methyl-2-butenoxy)-4-(1-propenyl)benzene,70.7240597790809,True,C14H18O,,,47553.4530691,
9.11065584202463,"Benzaldehyde, 2-hydroxy-",89.0081525145355,True,C7H6O2,,,47023.907112537,
3.18118452830818,Propanoic acid,93.4102796970231,True,C3H6O2,,,46746.6480416464,
7.75976432853126,"Benzene, 1-fluoro-4-methyl-",72.1546129532233,True,C7H7F,,,45889.2429747561,
11.4108245633966,"Phenol, 3,4-dimethyl-",78.5049772350169,True,C8H10O,,,45781.7455234955,
15.677671874408,"Benzo[b]thiophene, 3,5-dimethyl-",72.5327097237146,True,C10H10S,,,43180.7967856051,
6.83797814866101,Butyrolactone,87.2752515854861,True,C4H6O2,,,41878.9575429453,
14.7035619846574,"Resorcinol, 2-acetyl-",76.2934862109911,True,C8H8O3,,,41874.4873758843,
17.5701947555608,9H-Xanthene,78.5342154759235,True,C13H10O,,,40834.3595795956,
11.0645614125906,Octanoic acid,78.7994514448095,True,C8H16O2,,,39180.9634434233,
12.1492695809982,"Phenol, 2-(1-methylethyl)-",79.0172690396594,True,C9H12O,,,39116.4505668962,
16.6843945904361,"2',4'-Dihydroxy-3'-methylpropiophenone",70.1068704868204,True,C10H12O3,,,38224.5532350543,
18.1857936159012,Methyl tetradecanoate,81.9397203647578,True,C15H30O2,,,37797.9925118757,
10.2793318092578,"Phenol, TMS derivative",79.6562831520292,True,C9H14OSi,,,37687.863072967,
10.2792261732131,"2',6'-Dihydroxy-3'-methylacetophenone",76.3473943334503,True,C9H10O3,,,37687.863072967,
6.85607025912714,2(5H)-Furanone,77.3090259201352,True,C4H4O2,,,36976.8112078004,
9.63345121894733,"Furan, 2-propyl-",83.7355419533763,True,C7H10O,,,36912.1627877441,
11.191146520995,"Phenol, 2,4-dimethyl-",88.0235860453739,True,C8H10O,,,36786.4895502664,
7.75379822457477,"2,3-Pentanedione",77.4535234889383,True,C5H8O2,,,35150.3731856795,
13.265775490042,"Naphthalene, 2-methyl-",77.8966877926547,True,C11H10,,,34814.4812745399,
10.9321708775045,3-Hydroxy-4-methylbenzaldehyde,70.225896908519,True,C8H8O2,,,33542.4588216808,
26.8573877446808,"Propenoic acid, 2-cyano-3-(1-methyl-5-phenylthio-2-pyrrolyl)-, methyl ester",74.3623322941178,True,C16H14N2O2S,,,33440.601151778,
13.7577609335486,3-Methylbenzothiophene,75.6719259998737,True,C9H8S,,,32591.0055412962,
13.7577639430994,3-Methylbenzothiophene,75.8511302364872,True,C9H8S,,,32591.0055412962,
19.038664077373,"8-Phenyl-5,5a,6,10,10a,11-hexahydro-5,11-(O-benzeno)-6,10-ethenocyclohepta(b)naphthalen-7-one",80.782870554195,True,C29H22O,,,32468.1510542076,
10.1053902641634,"Benzofuran, 2-methyl-",77.4152877197631,True,C9H8O,,,32191.9227497327,
10.1053902085156,"1H-Benzimidazole, 2-methyl-",77.2081042278839,True,C8H8N2,,,32149.1613745416,
5.75504097576201,3-Furanmethanol,92.6645989249673,True,C5H6O2,,,31846.2280721643,
11.8331660765265,"Phenol, 4-propyl-",73.0001932048346,True,C9H12O,,,31444.2751810223,
9.95102622742873,"Benzoic acid, methyl ester",84.6862979087517,True,C8H8O2,,,30935.3328905601,
11.7057166474372,"Methacrylamide, N-(3-methylbutyl)-",74.7729996277918,True,C9H17NO,,,30151.6732662105,
13.7968689450018,n-Decanoic acid,73.2350453872688,True,C10H20O2,,,30148.0443356778,
15.8537327989133,"1,3-Benzenediol, o-(4-butylbenzoyl)-o'-methoxycarbonyl-",77.5588441185851,True,C19H20O5,,,30032.0674174395,
13.3033376730054,"4-Methylbicyclo(3.2.2)nona-3,6-dien-2-one",77.4994316153179,True,C10H12O,,,28740.7280599899,
12.3075511498766,"1,3-Di-O-acetyl-.alpha.-.beta.-d-ribopyranose",70.6254258288821,True,C9H14O7,,,28472.1172389083,
18.3904546858739,"4,5-Dimethoxy-2-hydroxyacetophenone",87.3026891568628,True,C10H12O4,,,28413.2168074017,
10.3053143926229,"2-Cyclopenten-1-one, 3-ethyl-2-hydroxy-",88.5522928672345,True,C7H10O2,,,28186.6225366663,
7.82843279778849,"2-Butanone, 1-(acetyloxy)-",88.9103761956843,True,C6H10O3,,,28089.4533690962,
14.2467037686183,"Acetophenone, 4'-hydroxy-",79.897709044468,True,C8H8O2,,,27631.2048625825,
17.0483358242138,"1-Naphthalenol, 2-methyl-",71.7846845340934,True,C11H10O,,,27048.8448562925,
12.1079298245758,N-(4-Fluorobenzyl)-N-methylhexadecan-1-amine,84.4846700197928,True,C24H42FN,,,26891.7736432795,
13.9013114139252,"2,3-Dihydro-7-methoxy-4-methyl-1H-1,5-benzodiazepin-2-one",77.2968860651683,True,C11H12N2O2,,,26456.6975890624,
10.5809295446087,"3,4-(Methylenedioxy)toluene",72.4640692796609,True,C8H8O2,,,26092.389590218,
23.976867710692,"2-Thia-1,3,6,11-tetraaza-cyclopenta[a]antracene",78.7782602446843,True,C12H6N4S,,,25934.1295938706,
10.0662463536896,"2-Cyclopenten-1-one, 2,3,4-trimethyl-",73.1036200337731,True,C8H12O,,,25730.7036205664,
12.5816504607625,"Phenol, 2,3,5-trimethyl-",75.1116180856538,True,C9H12O,,,25405.6817009239,
4.49019914646844,Butanoic acid,93.5740358333754,True,C4H8O2,,,24910.0015314067,
4.48999709975706,Pentanoic acid,92.1322586329993,True,C5H10O2,,,24910.0015314067,
4.2391236999262,Toluene,86.1686661559802,True,C7H8,,,24648.6982293739,
4.23912370015068,Toluene,86.1688018506763,True,C7H8,,,24648.6982293739,
4.23060854063151,"1,2-Ethanediamine, N,N-diethyl-N',N'-dimethyl-",82.6038793019024,True,C8H20N2,,,24620.2635950378,
11.934570192469,"1H-Benzimidazole, 5,6-dimethyl-",81.7456932290651,True,C9H10N2,,,24429.9516478245,
8.2670076184539,"Furan, 2-ethyl-5-methyl-",79.4602284983395,True,C7H10O,,,24403.9250635894,
7.15181597463632,"2,5-Hexanedione",92.1143633852959,True,C6H10O2,,,22784.5159716023,
18.9037460417041,"L-Leucine, N-methyl-N-(but-3-yn-1-yloxycarbonyl)-, hexadecyl ester",73.0331593470508,True,C28H51NO4,,,22629.066715798,
17.2186429942858,9H-Xanthene,88.808724499495,True,C13H10O,,,22529.5253642056,
13.6422536769937,3-Methylbenzothiophene,71.4863535400817,True,C9H8S,,,22272.5839075992,
15.1275931911362,"1,3-Benzenediol, o-(4-butylbenzoyl)-o'-propargyloxycarbonyl-",70.4870238937096,True,C21H20O5,,,22271.1999083313,
9.10335727238342,4-Hexen-3-one,78.4575930080545,True,C6H10O,,,21054.5648070027,
8.339291086344,"2-Cyclopenten-1-one, 2,3-dimethyl-",84.4391656970286,True,C7H10O,,,20985.6782671357,
8.38689406400744,5-Ethyl-2-octen-4-one,82.694652512415,True,C10H18O,,,19933.2872838379,
9.13948881048637,"Benzene, 1-ethynyl-4-methyl-",81.3156538956746,True,C9H8,,,19918.4189867855,
14.6144921873027,"Benzoic acid, 4-hydroxy-",70.509172680712,True,C7H6O3,,,19892.9450553265,
17.5085209996137,"8-Methyl-5H-pyrido[4,3-b]indole",72.3764016334581,True,C12H10N2,,,19884.4732446728,
12.4830346312735,"Phenol, 4-ethyl-2-methoxy-",72.5360315857587,True,C9H12O2,,,19757.0758826163,
24.1647707469959,"Ethylamine, N,N-dioctyl-2-phenylthio",70.1529462718882,True,C24H43NS,,,19421.7051385358,
14.4307559037042,"4-Formyl-3,5-dimethyl-1H-pyrrole-2-carbonitrile",82.6417053118473,True,C8H8N2O,,,19415.3870134555,
13.3308407502907,1-Methylindan-2-one,75.0866545012055,True,C10H10O,,,18855.5884309403,
9.49132055600291,"1-Hexanone, 5-methyl-1-phenyl-",76.5717986328632,True,C13H18O,,,18640.1009510979,
22.3060994358168,trans-13-Octadecenoic acid,83.5332238672934,True,C18H34O2,,,18522.4877678149,
16.7005601523073,"1H-1,3-Benzimidazole, 5-methoxy-1-methyl-2-(4-morpholinylmethyl)-",77.3043883135936,True,C14H19N3O2,,,18378.3335212827,
8.09027389684496,"1-Penten-3-one, 2-methyl-",72.8942528567012,True,C6H10O,,,18085.7238433689,
30.2045344140659,Clionasterol acetate,71.4424965735372,True,C31H52O2,,,18064.4142162628,
14.7174642339397,"Naphthalene, 1,2-dimethyl-",75.4795129672713,True,C12H12,,,18050.6591438374,
16.1236463868597,"7-Isoquinolinol, 1,2,3,4-tetrahydro-6-methoxy-1-salicyl-",73.4779195979471,True,C17H19NO3,,,17789.0211633252,
21.9810998059364,(Z)-15-Octadecenoic acid methyl ester,81.171523017327,True,C19H36O2,,,17782.3060895465,
8.46617169744992,"Propanoic acid, 2-methyl-, anhydride",82.9409157185559,True,C8H14O3,,,17540.9804916979,
22.8017405682213,"Benzo[b][1,8]-naphthyridin-5(10H)-one, 2,4,7-trimethyl-",72.6056632334872,True,C15H14N2O,,,17527.9021072426,
10.2213054363685,Maltol,76.7405483210414,True,C6H6O3,,,17237.1522314913,
4.62910313365889,Cyclopentanone,90.6336017938075,True,C5H8O,,,16985.1253409229,
16.1082263106829,"1H-1,3-Benzimidazole, 5-methoxy-1-methyl-2-(4-morpholinylmethyl)-",77.2199519431908,True,C14H19N3O2,,,16699.1929646875,
8.50668626489546,"1-Propanone, 1-(2-furanyl)-",82.8305525916142,True,C7H8O2,,,16562.9611933931,
8.71804461769728,"1-Pentanone, 1-(2-furanyl)-",76.8330721976082,True,C9H12O2,,,15664.8640809564,
15.0562848758325,"1,2-Oxaphosphole, 3,5-bis(1,1-dimethylethyl)-2,5-dihydro-2-hydroxy-, 2-oxide",76.3320030288561,True,C11H21O3P,,,15663.0215712748,
13.7552314856746,"Benzofuran, 2-methyl-",73.0134863850058,True,C9H8O,,,15635.4576175307,
9.04658028411057,5H-Tetrazol-5-amine,70.5152969708788,True,CH3N5,,,15355.6704980469,
9.94406594749003,"1H-Pyrazole, 4,5-dihydro-3-methyl-1-propyl-",82.0078247805941,True,C7H14N2,,,15246.4172171635,
10.0214523294128,3-(Hydroxyimino)-6-methylindolin-2-one,70.8753014587351,True,C9H8N2O2,,,15103.7564607603,
19.1429530533055,"Anthracene-9,10-biimine-11,12-dicarboxylic acid, 9,10-dihydro-, diethyl ester",77.0492555287301,True,C20H20N2O4,,,15075.6105903763,
9.42854852298387,"2-Cyclopenten-1-one, 2,3,4-trimethyl-",83.3775252729965,True,C8H12O,,,15031.0893946357,
10.8350108265031,"Naphthalene, 1,2-dihydro-",77.2581335560212,True,C10H10,,,14760.2347534919,
9.70530951603029,"Cyclopentanecarboxylic acid, 2-fluorophenyl ester",79.1080666490207,True,C12H13FO2,,,14736.5609404772,
8.76323719824375,4-Methyl-6-hepten-4-olide,71.1415221451031,True,C8H12O2,,,14548.0210258028,
13.5971366020306,"4-Formyl-3,5-dimethyl-1H-pyrrole-2-carbonitrile",72.2051659294374,True,C8H8N2O,,,14091.6873141742,
17.6456793627397,Allyl undecanoate,76.2328974155332,True,C14H26O2,,,13823.5473989924,
13.5972974445319,"Methanone, (2,3-dihydro-5-benzofuryl)(4-morpholyl)-",74.8259969194596,True,C13H15NO3,,,13595.2243252402,
8.70171828852647,"Benzene, 1-methoxy-4-methyl-",83.8380377389644,True,C8H10O,,,13316.5776927073,
22.3962504211036,Fluoranthene,76.7095686924987,True,C16H10,,,12743.4303368057,
12.2542691499604,"2-Hydroxy-4,6-dimethylbenzaldehyde",79.9033277782186,True,C9H10O2,,,12547.0781441588,
15.4085954579172,"Pentandioic acid, (p-t-butylphenyl) ester",73.5934611005185,True,C15H20O4,,,12402.839591384,
11.63801332462,"1H-Benzimidazole, 5,6-dimethyl-",73.6099672954556,True,C9H10N2,,,12216.5526437021,
14.3373330531224,"Cyclobutanone, 3-phenylmethyl-",70.6331988251097,True,C11H12O,,,12144.9053884575,
17.8263418629675,Methyl-4-trifluoromethylbenzoate,72.3078114730893,True,C9H7F3O2,,,12106.0141179346,
11.1867636331635,3-(4-Methylbenzoyl)-2-thioxo-4-thiazolyl 4-methylbenzoate,84.6109456342919,True,C19H15NO3S2,,,11763.8112504705,
15.753651462206,"Pentanoic acid, 5-hydroxy-, 2,4-di-t-butylphenyl esters",72.0037104665412,True,C19H30O3,,,11434.0831561365,
8.15006814220293,"Pentanoic acid, 4-oxo-, methyl ester",89.6668361865235,True,C6H10O3,,,11081.95639134,
12.2932564434021,"1,2-Benzenediol, o-(2-bromopropionyl)-o'-(4-ethylbenzoyl)-",73.5460831668697,True,C18H17BrO4,,,10971.6719829989,
17.7308491048881,"1-Ethanone, 1-(2,7-dimethyl[1,2,4]triazolo[1,5-a]pyrimidin-6-yl)-",73.5501632815625,True,C9H10N4O,,,10402.8331808837,
15.9816508552396,"2(1H)-Quinoxalinone, 3-methyl-",71.0440145459538,True,C9H8N2O,,,10163.7597223988,
10.4452293491482,"2(3H)-Furanone, 5-acetyldihydro-",81.4258779770485,True,C6H8O3,,,10071.0601198621,
14.7101842256009,3-Hydroxy-4-methylbenzaldehyde,86.0801396667072,True,C8H8O2,,,8975.99196689959,
10.2056622966718,"4-Hexen-3-one, 5-methyl-",76.6548921956669,True,C7H12O,,,8973.75214149618,
10.7993528977644,"Benzaldehyde, 2-methyl-",75.3944892920494,True,C8H8O,,,8922.09376021999,
7.50053568622771,"2-Cyclopenten-1-one, 3,4-dimethyl-",77.9873816973207,True,C7H10O,,,8822.08368576389,
20.3131674518031,"9,10-Phenanthrenedione",72.5550960036585,True,C14H8O2,,,8799.66306340736,
20.4904841037327,"1H-Indene, 2-phenyl-",78.9323789925991,True,C15H12,,,8476.11714028313,
6.03294182312372,p-Xylene,74.2337738012173,True,C8H10,,,8353.4198717465,
5.51681806115675,Diethylcyanamide,89.4036207970072,True,C5H10N2,,,7689.20748224094,
8.94352804747194,"3,4,5,6-Tetrahydrophthalic anhydride",72.0906198387181,True,C8H8O3,,,7482.10802684304,
16.0082022871922,"Benzo[b]thiophene, 3,5-dimethyl-",72.9326326691372,True,C10H10S,,,7210.99712039184,
16.5588128074117,"9H-Fluorene, 9-bromo-",72.5190996368542,True,C13H9Br,,,6700.22198855806,
17.245642376264,7-Amino-4-methyl-2-quinolinol,74.7926147091507,True,C10H10N2O,,,6573.50727663502,
7.35406853982305,"2(3H)-Furanone, 5-methyl-",82.514207345489,True,C5H6O2,,,5899.91921677687,
7.35406819140736,"3-Isoxazolamine, 5-methyl-",73.091181246541,True,C4H6N2O,,,5879.59992856195,
11.5171466357389,"Carbonic acid, isobutyl 4-isopropylphenyl ester",70.3878727909379,True,C14H20O3,,,5792.04284292706,
11.5171463947051,"Octanoic acid, 4-isopropylphenyl ester",73.2463808755027,True,C17H26O2,,,5792.04284292706,
20.8059669057965,Xanthone,75.9994807131788,True,C13H8O2,,,5672.07975798382,
11.7666633344379,"Phenol, 2-methoxy-",73.3502868213656,True,C7H8O2,,,5648.03431533606,
5.6789626165405,"1,2-Ethanediol, monoacetate",79.3625318804862,True,C4H8O3,,,5604.82191315539,
7.33845135491068,"1-Pentanone, 1-(1H-imidazol-4-yl)-",77.5794756536902,True,C8H12N2O,,,5362.57357283331,
3.37767727799982,Acetoin,80.3412438717934,True,C4H8O2,,,5341.6011493683,
15.1853737081351,Pentobarbital,70.6338517701753,True,C11H18N2O3,,,4850.04102269904,
11.7826159718886,"Benzoic acid, 3-methyl-, methyl ester",77.5352906024543,True,C9H10O2,,,4621.69134926083,
3.82668672541943,Vinyl crotonate,75.5242103929377,True,C6H8O2,,,4524.8896157206,
12.7067065526728,4-Methoxyphenylaldehyde trimethylene acetal,87.8066510855124,True,C11H14O3,,,4421.77175368026,
8.6022146850426,3-Dibutylamino-1-propyne,72.8554900052131,True,C11H21N,,,4356.09595498077,
6.04696510667593,"Furan, 2-ethyl-",81.0228610948965,True,C6H8O,,,4136.81798267791,
20.1447462688992,"2,3-Dihydro-1H-2-isopropylcyclopenta[b]quinoxaline",76.584294943324,True,C14H16N2,,,4049.88298675527,
18.087179765684,"d-Proline, N-(2-chloroethoxycarbonyl)-, heptadecyl ester",72.0743803559033,True,C25H46ClNO4,,,3832.81798705185,
20.0619039624669,"2-Pentanone, 4-hydroxy-4-methyl-",75.2750340215486,True,C6H12O2,,,3667.76547740611,
8.8024438691345,"Benzeneethanol, .beta.-ethenyl-",71.7119481894784,True,C10H12O,,,3148.68907804439,
19.0136501780538,"5,7-Dimethylpyrimido-[3,4-a]-indole",85.8523127086533,True,C13H12N2,,,3143.05013151615,
10.6199536360277,"1-Pentanone, 1-(4-methylphenyl)-",79.3573089231013,True,C12H16O,,,3102.70754646912,
17.9127742852363,2-Heptanone,75.2339410927305,True,C7H14O,,,2976.46148002542,
17.9127756540243,"Acetic acid, (dodecahydro-7-hydroxy-1,4b,8,8-tetramethyl-10-oxo-2(1H)-phenanthrenylidene)-,2-(dimethylamino)ethyl ester",75.1636321650859,True,C24H39NO4,,,2958.76721725779,
8.53198405959956,"(2S,6R,7S,8E)-(+)-2,7-Epoxy-4,8-megastigmadiene",73.7617324359661,True,C13H20O,,,2851.49286880481,
3.9733704049273,"(SS)- or (RR)-2,3-hexanediol",84.6314891241122,True,C6H14O2,,,1971.68207252907,
