Component RT,Compound Name,Match Factor,Best Hit,Formula,Area %,Area % Max.,Base Peak Area,MZ
8.02465861565238,Phenol,94.9891891238917,True,C6H6O,,,16447896.5801683,
3.13386559643408,Hydrazinecarboxamide,50.387097889232,True,CH5N3O,,,3409903.9165551,
11.4646593775129,Catechol,97.0285779037753,True,C6H6O2,,,3067062.98197379,
14.0918974965424,4-Ethylcatechol,91.4634838052258,True,C8H10O2,,,1733828.32261497,
12.8010397029975,"1,2-Benzenediol, 4-methyl-",97.7244015222177,True,C7H8O2,,,1354867.20839313,
13.7249971904959,"Phenol, 2,6-dimethoxy-",96.1350602114166,True,C8H10O3,,,1299272.41165277,
15.0245895149066,Methylparaben,92.9023291378184,True,C8H8O3,,,1282775.93705715,
9.56186392888326,p-Cresol,99.0426631208444,True,C7H8O,,,1121631.34814841,
12.7310042170699,"Phenol, 4-ethyl-2-methoxy-",96.8341300165063,True,C9H12O2,,,1087438.9023491,
9.23330037700126,"Phenol, 2-methyl-",98.0234193817062,True,C7H8O,,,1015604.83576126,
9.85457825456413,"Phenol, 2-methoxy-",98.0496836090697,True,C7H8O2,,,837702.324220286,
16.3733994448817,Dodecanoic acid,94.6261392492214,True,C12H24O2,,,833306.282495533,
14.979906737588,"3,5-Dimethoxy-4-hydroxytoluene",89.2211282448117,True,C9H12O3,,,774631.389267781,
12.3931933325196,"1,2-Benzenediol, 3-methyl-",95.146012187297,True,C7H8O2,,,749103.059689331,
10.9987522532494,"Phenol, 4-ethyl-",91.237751476923,True,C8H10O,,,702481.048396769,
12.0873053970964,"Phenol, 2-ethyl-4-methyl-",94.8782412239555,True,C9H12O,,,696724.102752941,
11.4668116697582,2-Methoxy-5-methylphenol,88.3247267737311,True,C8H10O2,,,644142.668334798,
15.9745827974724,5-tert-Butylpyrogallol,88.2245468147311,True,C10H14O3,,,640735.06343328,
10.7308415861553,"Phenol, 2,4-dimethyl-",98.5031328881469,True,C8H10O,,,626374.423279439,
16.0656845171327,"2-Propanone, 1-(4-hydroxy-3-methoxyphenyl)-",92.5176561946096,True,C10H12O3,,,518841.360557867,
12.4770072966483,2-Methoxyresorcinol,95.8584793723687,True,C7H8O3,,,490870.579193683,
14.9092564299825,"Phenol, 4-ethyl-2-methoxy-",87.1477143092839,True,C9H12O2,,,452245.254943455,
18.0168994388214,"(E)-2,6-Dimethoxy-4-(prop-1-en-1-yl)phenol",94.4416324647666,True,C11H14O3,,,403078.294727333,
13.6911492084428,"1,3-Benzenediol, 4,5-dimethyl-",69.8074168457241,True,C8H10O2,,,400088.238853408,
18.7960567396629,Syringylacetone,85.3718406182746,True,C11H14O4,,,374795.792089763,
15.2819067618664,"1,3-Benzenediol, 4-propyl-",81.6534869795077,True,C9H12O2,,,357082.480708529,
16.9731088571837,Homosyringaldehyde,84.1201404586789,True,C10H12O4,,,344000.614408037,
13.5300487730392,Ethyl p-hydroxybenzoate,90.085248098201,True,C8H10O2,,,326685.815350468,
10.5643278801809,"Phenol, 2-ethyl-",95.7105456586333,True,C8H10O,,,317603.330641794,
15.031519185662,"Ethanone, 1-(2,3,4-trihydroxyphenyl)-",79.8768500248249,True,C8H8O4,,,307817.041383444,
21.9450531585458,"1,3-Dimethyl-6-(trifluoromethyl)-1H-pyrazolo[3,4-b]pyridin-4-ol",58.0103477623037,True,C9H8F3N3O,,,300103.386540245,
8.79780676628956,"2-Cyclopenten-1-one, 2-hydroxy-3-methyl-",96.6565371093154,True,C6H8O2,,,299679.613623396,
15.0353785714551,"Phenol, 2-methoxy-4-(1-propenyl)-, acetate",80.5114100700127,True,C12H14O3,,,296133.913807277,
16.7050281909839,"Dodecanoic acid, ethyl ester",94.5728368006481,True,C14H28O2,,,285894.126331752,
13.9521684715749,"Phenol, 2-methoxy-4-propyl-",84.1593489922175,True,C10H14O2,,,245489.328558702,
14.0596305854563,"Benzoic acid, 4-methoxy-, methyl ester",78.3082328881599,True,C9H10O3,,,244490.588498885,
14.0595839017557,m-Anisic hydrazide,78.9945369620396,True,C8H10N2O2,,,244490.588498885,
12.4955354233285,"Propanoic acid, 2-methyl-, propyl ester",73.5906508082506,True,C7H14O2,,,218203.080808118,
13.863069332706,"Phenol, 3,4-dimethoxy-",80.6239102471571,True,C8H10O3,,,215708.963612897,
10.9962950681273,"Benzoic acid, 2,4-dimethylpent-3-yl ester",54.5823065507301,True,C14H20O2,,,203444.806411766,
8.04283573368984,"1H-Imidazole, 1-ethyl-",78.3514030054574,True,C5H8N2,,,201750.050530238,
11.929169647736,"Phenol, 2-(1-methylethyl)-, methylcarbamate",89.7139780565736,True,C11H15NO2,,,199196.451517028,
12.3569312495367,"Phenol, p-tert-butyl-",68.7729123646089,True,C10H14O,,,190916.883891118,
11.0329700839868,.beta.-Methoxy-.alpha.-phenylphenethyl alcohol,74.3719292324668,True,C15H16O2,,,190866.38716481,
20.9487409167654,"Hexadecanoic acid, ethyl ester",89.2401178274112,True,C18H36O2,,,186002.768966983,
20.6325032266398,n-Hexadecanoic acid,96.750573631334,True,C16H32O2,,,184140.830276625,
23.7706537889392,"Benzoic acid, 4-(4-ethylcyclohexyl)-, 4-butoxy-2,3-dicyanophenyl ester",77.5607084571192,True,C27H30N2O3,,,183328.316585028,
15.5208871138157,"p-Cymene-2,5-diol",83.7287362716501,True,C10H14O2,,,179038.968709783,
15.6626885981387,"Benzoic acid, 4-hydroxy-",89.677471089466,True,C7H6O3,,,179021.383810551,
6.01331905549465,"2-Propanone, 1-(acetyloxy)-",96.5159734507697,True,C5H8O3,,,177241.136614961,
6.01237468702164,"Acetic acid, (acetyloxy)-",72.6664954362965,True,C4H6O4,,,177241.136614961,
15.3951785600253,".beta.-D-Glucopyranose, 1,6-anhydro-",93.9451264346288,True,C6H10O5,,,176908.443709027,
28.9920994811992,"3,7,8,2'-Tetramethoxyflavone",57.8888104134501,True,C19H18O6,,,173606.391581306,
18.5682195996254,Tetradecanoic acid,92.6586716746855,True,C14H28O2,,,172337.427520872,
13.3547955549304,"Benzene, 1-methoxy-4-propyl-",78.630476629475,True,C10H14O,,,169515.028868073,
14.6087048119812,"Benzoic acid, 4-methoxy-",76.7634759477098,True,C8H8O3,,,166024.796500273,
10.1826197219688,"Benzofuran, 2-methyl-",95.13209515771,True,C9H8O,,,160507.867952046,
12.9167618137617,3-Methyl-4-isopropylphenol,86.4627278234559,True,C10H14O,,,159046.50343053,
13.1389372034647,"Benzene, 2-methoxy-1,3,5-trimethyl-",77.0207827314313,True,C10H14O,,,157907.17947671,
12.5210622962099,"1H-Imidazole-2-carboxaldehyde, 1-methyl-",54.2347603474729,True,C5H6N2O,,,143594.580162339,
15.9696432158582,"Naphtho[2,1-b]furan",89.4600059429502,True,C12H8O,,,140722.677023363,
14.1187891676546,"Phenol, 2-methoxy-4-propyl-",60.0047558588851,True,C10H14O2,,,136697.0354501,
15.8697935622759,"Dodecanoic acid, methyl ester",85.2932927687352,True,C13H26O2,,,126054.970209211,
10.1165391128109,"Phenol, 2,6-dimethyl-",95.3220280050203,True,C8H10O,,,125497.053765532,
10.1165391527766,"Phenol, 2,3-dimethyl-",95.723101372877,True,C8H10O,,,125497.053765532,
13.5321754519938,3-Methyl-5-nonylpyrrolizidine,73.1977152537566,True,C17H33N,,,120529.249021702,
16.1443551560137,"3,4,5-Trihydroxyphthalaldehyde",76.6160969176895,True,C8H6O5,,,118607.226171372,
17.4612702518248,"(E)-2,6-Dimethoxy-4-(prop-1-en-1-yl)phenol",80.255076568997,True,C11H14O3,,,118285.405950015,
20.28309536565,"Hexadecanoic acid, methyl ester",91.4052554171811,True,C17H34O2,,,115155.669347095,
12.7019391126333,Thymol,69.1776891173967,True,C10H14O,,,113292.734105408,
6.80481116040009,"Ethanone, 1-(2-furanyl)-",82.7301094137094,True,C6H6O2,,,109645.59966849,
6.80434583010279,"1-Pentanone, 1-(2-furanyl)-",85.6023822981096,True,C9H12O2,,,109645.59966849,
14.3944793361662,Vanillin,81.8894677980527,True,C8H8O3,,,109372.457393176,
13.8550547068301,Hexestrol dimethyl ether,70.0354716096081,True,C20H26O2,,,106826.259811393,
11.6199418169643,"Phenol, 2,4,6-trimethyl-",90.3322386554161,True,C9H12O,,,106064.977990812,
11.3984319021278,Naphthalene,81.9354658040474,True,C10H8,,,106044.446348484,
26.854161949276,"Propenoic acid, 2-cyano-3-(1-methyl-5-phenylthio-2-pyrrolyl)-, methyl ester",70.0027320946842,True,C16H14N2O2S,,,105846.200207103,
26.8541619643571,"Hexadecylamine, N-tert-butyldimethylsilyl-",70.0935545615119,True,C22H49NSi,,,105807.678099196,
27.6958613723561,"benzenesulfonamide, 2-[2-(6-amino-5-hydroxy-2-pyridinyl)diazenyl]-",53.390812143449,True,C11H11N5O3S,,,105803.80745179,
18.9267064593567,"Tetradecanoic acid, ethyl ester",91.1795842254133,True,C16H32O2,,,104967.599540458,
9.02295979187862,"2-Cyclopenten-1-one, 2,3-dimethyl-",94.3849159259812,True,C7H10O,,,104613.380413452,
11.0350556837935,"Ethanone, 1-(4-hydroxyphenyl)-2-phenyl-",74.1087126994155,True,C14H12O2,,,104000.765007499,
14.7059747974565,"1-(2,3-Dihydroxyphenyl)ethanone",87.7489957787648,True,C8H8O3,,,102788.408425083,
11.2572965257837,2-Methoxy-5-methylphenol,90.0184711550128,True,C8H10O2,,,102040.317470727,
16.8927754418625,"Phenol, 2,6-dimethoxy-4-(2-propenyl)-",82.089787675995,True,C11H14O3,,,99949.9501482096,
13.8211078116439,"Phenol, 2-methoxy-4-(2-propenyl)-, acetate",66.3404136761284,True,C12H14O3,,,98148.6083691715,
27.1647036173986,"Phenol, 4,4'-methylenebis[2,6-dimethoxy-",68.7356329868401,True,C17H20O6,,,98008.0949481966,
23.9782777479725,6-Hydroxy-3-phenyl-4H-chromen-4-one,68.9993792931698,True,C15H10O3,,,97542.4857538878,
12.1633817974492,"2,2'-Bifuran",83.2505590638387,True,C8H6O2,,,93597.1158231178,
15.800875740788,"Ethanone, 1-(2-hydroxy-4-methoxyphenyl)-",72.4519876905233,True,C9H10O3,,,93523.0432392329,
13.86543112656,"Ethanone, 1-(2-hydroxy-4-methoxyphenyl)-",77.395541081383,True,C9H10O3,,,90433.132076825,
14.4966435762014,"Phenol, 2-methoxy-4-(2-propenyl)-, acetate",79.8224236007315,True,C12H14O3,,,89767.0997900454,
6.75625027728695,"3,4-dimethylfuran",87.7197403525295,True,C6H8O,,,89194.4819397279,
5.37459062908226,3-Furaldehyde,93.4870085998282,True,C5H4O2,,,88159.0207114028,
11.3272418247982,"Phenol, 2-(1-methylethyl)-, methylcarbamate",84.7746318603898,True,C11H15NO2,,,87921.0984702152,
12.362679056607,"s-Triazolo[4,3-c]pyrimidin-5(1H)-one",60.9502293676823,True,C5H4N4O,,,87268.6366224759,
16.4871052271939,"2,3,4-Trifluorobenzoic acid, 2-formyl-4,6-dichlorophenyl ester",67.8837142987986,True,C14H5Cl2F3O3,,,86500.3097381226,
18.3926927180949,"4,5-Dimethoxy-2-hydroxyacetophenone",84.8299258176646,True,C10H12O4,,,85908.1802301714,
12.3511052420659,"Phenyl-1,2-diamine, N,4,5-trimethyl-",65.8842625227479,True,C9H14N2,,,85366.2269891803,
9.37497098673033,"Acetic acid, phenyl ester",78.2212696164556,True,C8H8O2,,,84553.0080094392,
15.8273842321346,"Succinic acid, 2-chloro-6-fluorophenyl 4-methoxybenzyl ester",61.7831351079012,True,C18H16ClFO5,,,80125.4413731789,
15.936533339314,"2H-1-Benzopyran-2-one, 3,4-dihydro-6-hydroxy-",64.7705521710316,True,C9H8O3,,,76896.9511365773,
12.3845355520683,"Silane, butyltrimethoxy-",64.0712560785619,True,C7H18O3Si,,,76655.0888546081,
12.3842330292393,"Benzene, (3-iodo-1-methoxybutyl)-",62.8623808573804,True,C11H15IO,,,76512.0754001696,
8.3197536687623,Benzofuran,92.3601198803774,True,C8H6O,,,74871.0721151908,
19.3668275059725,"1-Propanone, 1-(4-hydroxy-3,5-dimethoxyphenyl)-",75.7657839575134,True,C11H14O4,,,74860.8809178146,
14.5876374144417,3-Methylbenzothiophene,75.4416753951462,True,C9H8S,,,74808.082737427,
9.11071600764551,"Benzaldehyde, 2-hydroxy-",86.7199942004981,True,C7H6O2,,,74710.3719523034,
12.8143745515242,"4-Methylene-3,4-dihydroisocoumarin",67.2889556930977,True,C10H8O2,,,73458.6383312084,
11.8379937634048,"1H-Benzimidazole, 2-ethyl-",75.3486696275781,True,C9H10N2,,,73367.2339641478,
11.8376449008939,"Benzofuran, 4,7-dimethyl-",75.115645662595,True,C10H10O,,,73213.5883259613,
17.5721769619619,9H-Xanthene,78.3920991171701,True,C13H10O,,,72465.1555613947,
16.4809201487658,"4H-1-Benzopyran-4-one, 2,3-dihydro-6-methyl-",59.9063377184821,True,C10H10O2,,,72372.6602431868,
15.3924615725647,"Propane, 2,2-dimethoxy-",66.0718463372883,True,C5H12O2,,,71450.0235701645,
14.6288581638363,5-Trimethylsilylpent-2-en-4-yne,63.0432118799377,True,C8H14Si,,,71314.7211198403,
4.2334208294382,1-Hydroxy-2-butanone,78.2890983686503,True,C4H8O2,,,71131.066260113,
13.0190373916292,"Naphthalene, 2-methyl-",85.563771868487,True,C11H10,,,70006.810992073,
11.4117354328231,"Phenol, 3,4-dimethyl-",79.0174332326201,True,C8H10O,,,68396.348114225,
10.2786868274499,"2',6'-Dihydroxy-3'-methylacetophenone",82.8824761247991,True,C9H10O3,,,68365.4189056799,
10.2773105030094,"Ethanone, 1-(2-hydroxy-6-methoxyphenyl)-",81.4860585574514,True,C9H10O3,,,68331.0818559024,
13.5240097352868,"1,2-Benzenediol, o-(2-bromopropionyl)-o'-(4-ethylbenzoyl)-",74.0973277214622,True,C18H17BrO4,,,67374.4320275367,
16.6873047726804,"1-Propanone, 1-(4-hydroxy-3-methoxyphenyl)-",77.0665173531698,True,C10H12O3,,,66934.5865743349,
11.7196796832356,"1,3,5-Trisilacyclohexane, 1-methyl-",67.1849345018887,True,C4H14Si3,,,66748.2607544116,
3.18830571346914,Propanoic acid,91.4669445737646,True,C3H6O2,,,66646.4205172029,
13.5254003328442,"Benzeneethanamine, N-(2-phenylethyl)-",54.1263528387802,True,C16H19N,,,66316.6076324614,
10.3106630666153,"2-Cyclopenten-1-one, 3-ethyl-2-hydroxy-",90.120787327994,True,C7H10O2,,,66107.4242310071,
14.4171253032358,"1,3-Benzenediol, 4,5-dimethyl-",76.2368489151687,True,C8H10O2,,,65228.8792088474,
15.8827570787937,"3-Hydroxy-4-methoxybenzoic acid, methyl ester",82.9332129978523,True,C9H10O4,,,64549.044919313,
18.7793729904875,"Ethylenediamine, N,N,N',N'-tetraethyl-1,2-bis(p-methoxyphenyl)-",58.6000881346228,True,C24H36N2O2,,,64093.9794847704,
15.6839545959525,"N-[2,4-Diamino-5,6,7,8-tetrahydro-6-quinazolinyl]-N-[3,4-dichlorobenzyl]-2-methoxyacetamide",57.7494235299148,True,C18H21Cl2N5O2,,,64085.388219655,
11.7181770635077,"1,4:3,6-Dianhydro-.alpha.-d-glucopyranose",68.9323880808034,True,C6H8O4,,,63706.6615424554,
9.67722995302848,"Propanoic acid, 2-methyl-, anhydride",76.3473668315049,True,C8H14O3,,,63488.544058192,
15.7539336632374,4'-Butoxy-2'-methylacetophenone,65.5771974019484,True,C13H18O2,,,60246.5415511748,
26.6679137129331,"6H-Dibenzo[b,d]pyran-6-one, 7,9-dihydroxy-3-methoxy-1-methyl-",62.2709390415375,True,C15H12O5,,,59791.0448720799,
11.0920206358743,Octanoic acid,85.8274123640295,True,C8H16O2,,,58500.3356769447,
14.5536732661994,5-Methyl-2-allylphenol,72.1972755133992,True,C10H12O,,,57721.6553287955,
15.9006828372915,"Furan, 3-phenyl-",73.9431613010533,True,C10H8O,,,57663.1457308448,
13.8099174198261,n-Decanoic acid,83.915911054203,True,C10H20O2,,,56859.5728553337,
24.173324983373,"1-(2,4-Dihydroxyphenyl)-2-(4-methoxy-3-nitrophenyl)ethanone",59.2264802656541,True,C15H13NO6,,,55865.5924841295,
15.5257478086433,Homovanillyl alcohol,58.3497828337586,True,C9H12O3,,,55467.2357006518,
11.0906630642182,"2-Propenoic acid, butyl ester",61.8154854837589,True,C7H12O2,,,55332.6441598736,
16.130034562046,"1,6-Anhydro-.alpha.-d-galactofuranose",67.5508028673482,True,C6H10O5,,,55267.7643930032,
11.721376481516,"1,1-Dimethyl-1,2,3,4-tetrahydroisoquinoline",64.0561704919838,True,C11H15N,,,55047.4415223467,
14.2550451684073,"Ethanone, 1-(3-hydroxyphenyl)-",85.8715612542305,True,C8H8O2,,,54782.5215896769,
14.9728538323606,"1(2H)-Naphthalenone, 3,4-dihydro-",72.4243204456603,True,C10H10O,,,54448.5108532844,
10.2447086595462,Maltol,76.6821862334789,True,C6H6O3,,,54295.5779297932,
10.9320531787541,3-Hydroxy-4-methylbenzaldehyde,89.0121606490405,True,C8H8O2,,,53792.8879911688,
18.198335326176,"Pyrazolo[5,1-c][1,2,4]benzotriazin-8-ol",53.4806348412556,True,C9H6N4O,,,53378.4739710532,
18.1982234681471,"Valylvaline, N,N'-dimethyl-n-butoxycarbonyl-, heptyl ester",52.5025699340055,True,C24H46N2O5,,,53378.4739710532,
18.1143877024567,"2H-1-Benzopyran-2-one, 3,4-dihydro-6-hydroxy-",67.7029222009181,True,C9H8O3,,,53109.2795360172,
9.64070879636982,"Furan, 2-propyl-",69.7172794609614,True,C7H10O,,,52680.1857165251,
17.1262482779706,"Benzaldehyde, 2,4-difluoro-3-hydroxy-",60.2951838563412,True,C7H4F2O2,,,52611.6800588581,
22.3159520109402,trans-13-Octadecenoic acid,89.0553322322551,True,C18H34O2,,,52542.8796029182,
22.3159516453938,cis-13-Octadecenoic acid,89.5629414902518,True,C18H34O2,,,52542.8796029182,
11.1935580279838,"Phenol, 3,5-dimethyl-",83.9826983380954,True,C8H10O,,,52227.4659173577,
12.1500673600278,"Phenol, 4-ethyl-2-methyl-",86.1254552726485,True,C9H12O,,,52131.7580302071,
6.85236805853399,Butyrolactone,92.1348374724089,True,C4H6O2,,,51969.7670770769,
6.87168820691702,2(5H)-Furanone,82.9075087180609,True,C4H4O2,,,51715.814937099,
19.4919093593549,4-Nitrophenyl laurate,77.0563960841555,True,C18H27NO4,,,51616.4855933388,
25.0386567344465,"Acenaphtho[1,2-b]quinoxaline, 9-methoxy-",71.8979669688133,True,C19H12N2O,,,50495.8130251906,
14.9059684872417,Benzedrone,65.6314614201364,True,C17H19NO,,,50205.6021789771,
14.8408903877318,Salicylhydroxamic acid,73.2306286007889,True,C7H7NO3,,,49705.3690313848,
18.1851104340706,Methyl tetradecanoate,86.1647547953685,True,C15H30O2,,,49210.1619068361,
5.4182877072976,Betazole,80.7789873662354,True,C5H9N3,,,48690.7452286832,
13.2391223044666,"Hydrazine, 1-(3-hydroxybenzyl)-",74.7521771343214,True,C7H10N2O,,,48544.9558584837,
17.3801311136853,9H-Xanthene,70.9187630885275,True,C13H10O,,,48394.5145516948,
7.78268164756805,"2-Furancarboxaldehyde, 5-methyl-",72.7185057107268,True,C6H6O2,,,48202.9651458279,
12.3147462761814,"1,3-Di-O-acetyl-.alpha.-.beta.-d-ribopyranose",66.5201479029298,True,C9H14O7,,,46977.2855256018,
17.0131572595023,"2',4'-Dihydroxy-3'-methylbutyrophenone",60.0989154480771,True,C11H14O3,,,46499.321614669,
11.8349663229405,"Phenol, 4-propyl-",89.8229032274224,True,C9H12O,,,46338.8300045455,
13.2667893509406,"Naphthalene, 2-methyl-",71.847343033721,True,C11H10,,,46309.8196867971,
14.8668039203706,"Ethanone, 1-(2,3-dihydro-1H-inden-5-yl)-",71.304644897815,True,C11H12O,,,45616.543419963,
13.6491155131556,"1,3-Benzodioxole, 5-propyl-",57.2116286757206,True,C10H12O2,,,45202.6591749127,
8.028375234278,"Butanoic acid, 3-methylphenyl ester",50.413037923891,True,C11H14O2,,,44615.2110567322,
13.762396122424,t-Butyl cinnamate,72.7652197282759,True,C13H16O2,,,44513.9445879049,
23.0592648667222,Isoparvifuran,62.9654090807659,True,C16H14O3,,,44053.5356025313,
4.50402630407394,Butanoic acid,90.4120408454955,True,C4H8O2,,,43987.4862566057,
15.8574016844909,"1,2-Benzenediol, O-acetoxyacetyl-O'-(4-butylbenzoyl)-",77.273382736155,True,C21H22O6,,,43327.2070960259,
14.2010429581622,"Resorcinol, 2-acetyl-",67.1856152245414,True,C8H8O3,,,43324.1155126356,
8.36779625350906,"Pyridine, 3-methoxy-",73.9848814020727,True,C6H7NO,,,43054.1692147346,
17.3796462226802,"8-Methyl-5H-pyrido[4,3-b]indole",75.8762816622789,True,C12H10N2,,,42931.747515468,
13.2141058292333,"2,5,6-Trimethylbenzimidazole",67.798657021832,True,C10H12N2,,,42309.4090479332,
24.1667571443212,Isoparvifuran,66.3889677071057,True,C16H14O3,,,42304.8899722075,
10.1076959272281,"Benzofuran, 2-methyl-",72.5127134060052,True,C9H8O,,,41930.6872777445,
5.37720230898788,"1H-Pyrazole, 1-methyl-",87.3881551723277,True,C4H6N2,,,41756.748990319,
19.0388433180511,"8-Phenyl-5,5a,6,10,10a,11-hexahydro-5,11-(O-benzeno)-6,10-ethenocyclohepta(b)naphthalen-7-one",75.4666711522411,True,C29H22O,,,41573.5922334472,
5.7572758130602,3-Furanmethanol,93.6081019044204,True,C5H6O2,,,41413.4902085546,
28.5801800830125,Fluridone,72.2168458103733,True,C19H14F3NO,,,41079.5751924183,
15.2514187898236,"1,2-Benzenediol, o-(2,2,3,3,4,4,4-heptafluorobutyryl)-o'-(4-nitrobenzoyl)-",60.0257003595735,True,C17H8F7NO6,,,40764.8279494911,
15.2534603296856,"4-Nitrobenzoic acid, 2,4,6-trichlorophenyl ester",51.9014763717355,True,C13H6Cl3NO4,,,40764.8279494911,
15.5018725598135,2-(3-Thienyl)pyridine,64.4095344891997,True,C9H7NS,,,40689.0970337461,
10.5817733868417,"Pyrazine, 2,6-diethyl-",74.8026071992994,True,C8H12N2,,,40304.8055112698,
10.0863399036268,"2-Furancarboxylic acid, 1-naphthyl ester",57.3603526805322,True,C15H10O3,,,40053.376572309,
9.95414452404716,"Benzoic acid, hydrazide",90.5358683885224,True,C7H8N2O,,,39494.6569394481,
16.7333028937522,"2'-Hydroxy-4'-methoxyacetophenone, acetate",56.8532417952611,True,C11H12O4,,,39344.7325965438,
14.312648714019,"1,3-Benzodioxole, 5-propyl-",73.730833825432,True,C10H12O2,,,39325.9884924993,
13.8699222774845,"Ethylamine, N-ethyl-N-(3-methylphenyl)-2-(2-thiophenyl)-",72.3367912926711,True,C15H19NS,,,39143.2906713479,
17.3820367543212,"Benzaldehyde, 2,4-difluoro-3-hydroxy-",75.6333078657881,True,C7H4F2O2,,,38988.409260677,
14.8481799771274,Acenaphthylene,54.8239031208458,True,C12H8,,,38819.6961581108,
22.5838217246008,Ethyl Oleate,87.8863690001836,True,C20H38O2,,,38558.704793406,
26.7084640127225,5-Hydroxy-7-methoxy-2-methyl-3-phenyl-4-chromenone,73.2098209488404,True,C17H14O4,,,38177.6373344701,
15.6950662210031,"Ethanone, 1-(2,5-dihydroxyphenyl)-",86.9676478956906,True,C8H8O3,,,37929.3948608322,
6.01566379065244,"3H-1,2,4-Triazole-3-thione, 5-amino-1,2-dihydro-",54.3036382715607,True,C2H4N4S,,,37874.1549329121,
17.4329332263403,"1H-Indole-3-acetamide, N-(1,3-benzodioxol-5-yl)-6-fluoro-.alpha.-oxo-",63.071031597348,True,C17H11FN2O4,,,37870.533779808,
13.13663341288,"Arsonic acid, methyl-, dimethyl ester",69.0417792255771,True,C3H9AsO3,,,37482.4322471338,
13.5570623902261,2-Acetyl-2-methyltetrahydrofuran,71.5223546151992,True,C7H12O2,,,37387.8272184614,
12.5852660321307,"Phenol, 3,4,5-trimethyl-",82.6219701482109,True,C9H12O,,,37036.0789192211,
17.0481665754727,"1-Naphthalenol, 2-methyl-",75.4498756443056,True,C11H10O,,,36701.3927515334,
14.6191879891178,"Benzoic acid, 4-hydroxy-, hydrazide",56.3032859815271,True,C7H8N2O2,,,36501.3784953593,
18.7861577049766,Dibenzo-p-dioxin,63.9632552421242,True,C12H8O2,,,36437.8293487524,
7.86109954862693,"2-Butanone, 1-(acetyloxy)-",87.7118253316141,True,C6H10O3,,,36226.9959961804,
15.1237169804285,"N,N,N',N'-Tetraethyl-1,2-diphenyl-ethane-1,2-diamine",66.4163884936325,True,C22H32N2,,,36105.6072157205,
12.1108993054551,N-(4-Fluorobenzyl)-N-methylhexadecan-1-amine,81.0740898737726,True,C24H42FN,,,35584.3398786389,
14.8768218462837,"1(3H)-Isobenzofuranone, 3,3-dimethyl-",71.9072988084614,True,C10H10O2,,,35390.2450311499,
13.6446075606744,"4-Formyl-3,5-dimethyl-1H-pyrrole-2-carbonitrile",74.6549968899699,True,C8H8N2O,,,35101.793322132,
11.6384145441043,"1,2-Dimethylbenzimidazole",60.5734700489006,True,C9H10N2,,,35049.9128889151,
13.9047830981506,5-Hydroxy-3-methyl-1-indanone,75.5401629040467,True,C10H10O2,,,34931.4438498935,
27.4810817555318,"Methyl 3,5-dihydroxybenzoate, 2TMS derivative",69.3511924112008,True,C14H24O4Si2,,,34272.473672131,
8.27296411122112,"1-Pentanone, 1-(2-furanyl)-",86.3730272958194,True,C9H12O2,,,34235.2126584659,
8.34410252737706,"Cyclobuta[1,2:3,4]dicyclooctene, hexadecahydro-, (6a.alpha.,6b.alpha.,12a.alpha.,12b.alpha.)-",83.3192284278148,True,C16H28,,,33863.1297440746,
8.34417575319701,"2-Cyclopenten-1-one, 2,3-dimethyl-",83.2223268820869,True,C7H10O,,,33863.1297440746,
15.2102147891731,"Resorcinol, 2-acetyl-",76.0922314750128,True,C8H8O3,,,33441.8016778529,
15.1336721656103,"Silane, (4-ethenylphenyl)trimethyl-",57.81764697087,True,C11H16Si,,,33078.6462615674,
14.4383568436671,"4-Formyl-3,5-dimethyl-1H-pyrrole-2-carbonitrile",61.6868787725887,True,C8H8N2O,,,33002.4187203486,
14.4355860511353,3-Methylbenzothiophene,75.2337509802261,True,C9H8S,,,33002.4187203486,
22.8044272458716,"Phthalic acid, diamide, N-N'-dimethyl-N-N'-bis(phenyl)-",70.3366716643055,True,C22H20N2O2,,,32845.927872614,
26.1564447696056,"Acenaphtho[1,2-b]quinoxaline, 9-methoxy-",78.4815695575048,True,C19H12N2O,,,32166.7339601486,
11.9360641293731,"1H-Benzimidazole, 5,6-dimethyl-",76.8678625784687,True,C9H10N2,,,31635.5549988191,
13.2220245532434,"Carbamic acid, (2,4-difluorophenyl)-, 5-methyl-2-(1-methylethyl)phenyl ester",59.4661112621669,True,C17H17F2NO2,,,31586.4312967672,
12.4832635153352,"Phenol, 4-ethyl-2-methoxy-",69.210138505369,True,C9H12O2,,,30786.7693786906,
11.9823588212037,"4-Chlorobutyric acid, 4-isopropylphenyl ester",72.7762208670882,True,C13H17ClO2,,,30638.3997402905,
7.17979737724496,"2,5-Hexanedione",89.2845058474399,True,C6H10O2,,,30552.235136228,
14.0517145997128,"1-Hexen, 2-(p-anisyl)-5-methyl-",56.6212295494782,True,C14H20O,,,30551.8734468824,
23.9793822077959,"Benzo[b][1,8]-naphthyridin-5(10H)-one, 2,4,7-trimethyl-",67.8989438412665,True,C15H14N2O,,,29859.0490125305,
23.9785910304118,"Benzo[b][1,8]-naphthyridin-5(10H)-one, 2,4,7-trimethyl-",61.7674797097433,True,C15H14N2O,,,29786.9729070779,
14.8295646462054,"5,8-Dimethyl-1,2,3,4-tetrahydroquinoxaline",59.6059251538136,True,C10H14N2,,,29270.3179385096,
17.2191921896687,9H-Xanthene,87.5058721596249,True,C13H10O,,,29115.1017537531,
14.8283401520048,"Benzoic acid, 4-(1,1-dimethylethyl)-, ethenyl ester",58.4896315821544,True,C13H16O2,,,29007.5445113136,
30.2026837712217,Clionasterol acetate,78.1212252455802,True,C31H52O2,,,28572.8971950447,
9.10819471377241,"1-Propanone, 1-cyclopropyl-",73.033746436611,True,C6H10O,,,28517.1993164984,
13.182229299451,"2,2'-Bifuran",54.3630120218516,True,C8H6O2,,,28501.5028141365,
16.8433288143293,"2'-Hydroxy-4'-methoxyacetophenone, acetate",56.5393680797442,True,C11H12O4,,,28323.0864102775,
13.3053264902215,5-Methyl-2-allylphenol,80.2041516872157,True,C10H12O,,,28318.1968780248,
15.7969515196786,6-Quinolinamine 1-oxide,64.1187976138086,True,C9H8N2O,,,28271.4093431055,
12.9938800037626,"2-Hydroxyisocaproic acid, acetate",59.2410781131612,True,C8H14O4,,,28187.0298246877,
5.22306275954343,2-Ethoxytetrahydrofuran,86.6751839180073,True,C6H12O2,,,27950.5916318758,
15.2749912622599,"Phenol, 4-[(5,6,7,8-tetrahydro-1,3-dioxolo[4,5-g]isoquinolin-5-yl)methyl]-, (R)-",61.619434803752,True,C17H17NO3,,,27850.0938500794,
16.8906664367974,Luminol,54.7863940591604,True,C8H7N3O2,,,27843.4572988939,
16.9542722630845,"1,2-Bis(p-acetoxyphenyl)ethanedione",68.9407518427043,True,C18H14O6,,,27752.3186510249,
30.3201160756688,"Succinic acid, 2,4,6-trichlorophenyl 3-phenoxybenzyl ester",50.3157061288321,True,C23H17Cl3O5,,,27615.3305649266,
13.0884237499473,"Benzene, 1-methoxy-4-propyl-",76.6884603945699,True,C10H14O,,,27434.7819184463,
16.7835446709988,Fluorene,73.2453316557211,True,C13H10,,,27142.7997624713,
26.2277297547608,"Glycine, 2-cyclohexyl-N-(2-ethylhexyl)oxycarbonyl-, 2-ethylhexyl ester",58.8395895667442,True,C25H47NO4,,,27092.7287122497,
11.5948772951077,"1H-Benzimidazole, 1-ethyl-",63.7612921130307,True,C9H10N2,,,27011.8939256515,
8.39059064246357,"2-Furanone, 2,5-dihydro-3,5-dimethyl",89.1079783417837,True,C6H8O2,,,26739.9223033011,
10.9889362693802,"Succinic acid, di(hex-5-en-1-yl) ester",65.0733952856528,True,C16H26O4,,,26677.2810293264,
22.7970619559664,"Octadecanoic acid, ethyl ester",69.0603383053714,True,C20H40O2,,,26396.5732936092,
16.3650134364493,p-Cyanophenyl p-(3-butenyloxy)benzoate,60.748715542241,True,C18H15NO3,,,26208.2146192297,
10.0705575677068,5-Ethylcyclopent-1-enecarboxaldehyde,76.9007594533435,True,C8H12O,,,26126.3573960688,
20.7611448743465,"Benzenemethanol, 2,3,4,5,6-pentafluoro-.alpha.-methyl-",62.2944927404499,True,C8H5F5O,,,25603.2470956432,
20.7611453049774,"Benzo[d,E]isocoumarin, 3,3-dimethyl-",62.2558729422089,True,C14H12O2,,,25603.2470956432,
9.1404290536604,"Benzene, 1-ethynyl-4-methyl-",89.4671787568418,True,C9H8,,,25506.3482323755,
9.41113569262456,"Methoxyacetic acid, 2-tetrahydrofurylmethyl ester",57.056204181812,True,C8H14O4,,,25259.4669450846,
19.9692787473054,Thioxanthene,63.3895622107688,True,C13H10S,,,25128.1444507098,
16.1262809737571,"7-Isoquinolinol, 1,2,3,4-tetrahydro-6-methoxy-1-salicyl-",73.5963362395861,True,C17H19NO3,,,25076.7146405422,
13.3357584916082,"1-Decen-3-one, 5-hydroxy-4-pentyl-1-phenyl-, (E)-",68.6387081648554,True,C21H32O2,,,25022.789692841,
13.5990761675879,"Methanone, (2,3-dihydro-5-benzofuryl)(4-morpholyl)-",77.8662231849822,True,C13H15NO3,,,24751.8018114654,
17.7992672905317,Methyl 3-(4-hydroxy-3-methoxyphenyl)propanoate,74.8369084195308,True,C11H14O4,,,24655.3096637238,
9.4921101927167,"1-Hexanone, 5-methyl-1-phenyl-",85.765431574615,True,C13H18O,,,24605.8915301596,
12.6514080168915,"1H-Indene, 1,1-dimethyl-",58.4836832890814,True,C11H12,,,24546.1853644153,
17.3423125785289,Hymecromone,73.9855961595786,True,C10H8O3,,,24421.430354889,
13.1741097979477,"1H-Benzimidazole, 1-ethyl-",53.2766602209541,True,C9H10N2,,,24336.1765631818,
14.3419932810474,"1H-Imidazole, 4,5-dihydro-2-phenyl-",66.9060654805183,True,C9H10N2,,,24271.6109988896,
13.5511644485323,"2,3,5,6-Tetramethyl-para-phenylenediamine",65.7360675221729,True,C10H16N2,,,24196.1275308867,
14.5310743732439,"1H-Imidazole, 4,5-dihydro-2-phenyl-",70.1640943392801,True,C9H10N2,,,24001.093568318,
3.41363140989911,"Propanoic acid, ethyl ester",89.1436233071036,True,C5H10O2,,,23916.8039786395,
14.3055058560152,3-Methylbenzothiophene,73.8391520875514,True,C9H8S,,,23896.3932996145,
18.8836257461275,"Naphthalene, 2,6-dimethoxy-",70.6919655485915,True,C12H12O2,,,23751.5614997978,
8.4703967409162,"Propanoic acid, 2-methyl-, anhydride",70.7627181361867,True,C8H14O3,,,23496.697081734,
19.3770916276577,"l-Leucine, n-butoxycarbonyl-N-methyl-, pentadecyl ester",60.2388138817786,True,C27H53NO4,,,23456.5756454141,
16.5144082182441,Ethyl 3-(2-hydroxyphenyl)propanoate,70.2030791827338,True,C11H14O3,,,23414.7850706877,
23.3105425810832,"Hexadecanoic acid, 4-nitrophenyl ester",60.0321265862097,True,C22H35NO4,,,23381.6137888946,
23.3131272323775,Isoparvifuran,64.6225666699068,True,C16H14O3,,,23235.7803721212,
13.0272792553992,"4-Chlorobutyric acid, 4-isopropylphenyl ester",57.16924376931,True,C13H17ClO2,,,23205.0500727185,
14.5165274603984,Probarbital,70.6566861264117,True,C9H14N2O3,,,23190.546946758,
18.1487062239899,Phlorobutyrophenone,68.3318273703111,True,C10H12O4,,,23062.8424930126,
8.10204978977266,"1-Penten-3-one, 2-methyl-",77.256214345461,True,C6H10O,,,22666.1129980108,
14.7174771788534,"Naphthalene, 1,2-dimethyl-",54.5996978000571,True,C12H12,,,22665.7577584473,
16.1102424616997,"1H-1,3-Benzimidazole, 5-methoxy-1-methyl-2-(4-morpholinylmethyl)-",74.3041945453998,True,C14H19N3O2,,,22416.9349331328,
16.3170991845359,"1,2-Oxaphosphole, 3,5-bis(1,1-dimethylethyl)-2,5-dihydro-2-hydroxy-, 2-oxide",69.0158459632946,True,C11H21O3P,,,22375.04814129,
19.1455175948162,"8-Phenyl-5,5a,6,10,10a,11-hexahydro-5,11-(O-benzeno)-6,10-ethenocyclohepta(b)naphthalen-7-one",64.1196279567883,True,C29H22O,,,22266.5086403716,
9.43006155840597,"2-Cyclopenten-1-one, 2,3,4-trimethyl-",92.1655976268346,True,C8H12O,,,22247.842855201,
22.0395082154248,"2,6-Di-n-propyl-4-phenylpyridine",60.2730204690121,True,C17H21N,,,22167.1228144705,
14.2380532729448,"Decanoic acid, ethyl ester",70.6210459139337,True,C12H24O2,,,22160.5054768838,
9.71752565283184,"Cyclopentanecarboxylic acid, 2-fluorophenyl ester",68.2909222552757,True,C12H13FO2,,,22143.4033440276,
17.676754092425,2-Methyl-5-methoxytryptamine,61.9460330783008,True,C12H16N2O,,,22101.5471646012,
8.96979709556233,2-Acetyl-5-methylfuran,84.5907291207918,True,C7H8O2,,,21997.2282855409,
8.76334381024506,4-Methyl-6-hepten-4-olide,65.7844692488376,True,C8H12O2,,,21729.2552569053,
26.6590831636151,"Pyrido[2,3-d]pyrimidin-5(8H)-one, 2-methyl-4,7-diphenyl-",67.3321776553823,True,C20H15N3O,,,21685.7775802646,
12.2547187059179,"2-Hydroxy-4,6-dimethylbenzaldehyde",82.00383593392,True,C9H10O2,,,21558.1796801261,
9.36976713639434,"Pentanoic acid, 4-oxo-, ethyl ester",74.8748598195307,True,C7H12O3,,,21443.0372487061,
9.94344759763467,2-Butyn-1-al diethyl acetal,76.4445005249746,True,C8H14O2,,,21383.289374253,
16.4432654407891,"6,8-Difluoroquinolin-4-amine",51.3423300389406,True,C9H6F2N2,,,21353.7026087806,
4.63162408708471,Cyclopentanone,92.7199392944856,True,C5H8O,,,21324.3212944806,
11.8942808721577,"Methanone, cyclobutyl-1H-imidazol-4-yl-",52.6595683203372,True,C8H10N2O,,,21282.8284968298,
13.7913614018298,"1H-Imidazole, 4,5-dihydro-2-phenyl-",54.1396820871297,True,C9H10N2,,,21125.3723516934,
18.1619828932676,"Valeric acid, 2-biphenyl ester",55.8347449729389,True,C17H18O2,,,21076.3594478194,
18.1613748928714,"5-Clorovaleric acid, 2-biphenyl ester",54.8768296619712,True,C17H17ClO2,,,21076.3594478194,
28.2330743336441,"4H-1-Benzopyran-4-one, 3-(3,4-dimethoxyphenyl)-6,7-dimethoxy-",64.0770991719061,True,C19H18O6,,,21065.9293919948,
8.51106806766654,"1-Propanone, 1-(2-furanyl)-",89.9376910233918,True,C7H8O2,,,21065.063782645,
12.5406616584972,"(5R,8R,8aS)-8-Ethyl-5-(pent-4-en-1-yl)octahydroindolizine",61.2948840410633,True,C15H27N,,,20896.6902828538,
13.0544767255429,"Silane, methyltripropynyl-",69.4992706265686,True,C10H12Si,,,20443.3672058293,
11.3679747298844,"Benzene, 1,4-dimethoxy-",71.8069460246661,True,C8H10O2,,,19989.8459156702,
13.454887260161,"Benzofuran, 2-methyl-",71.8090142682023,True,C9H8O,,,19683.3697134329,
15.352101841276,"Benzo[b]thiophene, 2-ethyl-",70.6889452390625,True,C10H10S,,,19554.2869389515,
15.3585450495741,"Benzeneethanal, 4-[1,1-dimethylethyl]-",63.8479063494032,True,C12H16O,,,19554.2869389515,
13.9728973867655,"Boron, diethyl[3-imino-2-(1-iminoethyl)butanenitrilato-N2,N3]-, (t-4)-",66.1491635222159,True,C10H18BN3,,,19549.913334801,
12.7884542088413,2-Ethylhexanal ethylene glycol acetal,73.3092379001382,True,C10H20O2,,,19459.3181290155,
10.9287548193398,2-Methylindene,74.9228530927941,True,C10H10,,,19391.4383337087,
19.8130780477083,"2-Ethyl-2-phenyl-1,3-benzodioxole",69.9052088122142,True,C15H14O2,,,19292.0161436132,
10.8373776986881,"Naphthalene, 1,2-dihydro-",81.8031263807644,True,C10H10,,,19171.0664966342,
15.4172562541151,"Ethanone, 1-(2-hydroxy-5-methylphenyl)-",83.788531289279,True,C9H10O2,,,19125.1241040686,
14.6861016317011,"2,5-Hexanedione, 3-acetyl-",60.1266260862303,True,C8H12O3,,,19090.7587409198,
26.348216121329,"4-[4-(1,1,3,3-Tetramethylbutyl)phenoxy]-2,3,5,6-tetrafluoropyridine",61.1279272531257,True,C19H21F4NO,,,19074.6828304074,
21.9775944538131,"9-Octadecenoic acid, methyl ester",85.7468763497143,True,C19H36O2,,,18860.0872663803,
13.3123981257704,"2',6'-Dihydroxy-3'-methylacetophenone",75.8382881393429,True,C9H10O3,,,18791.7723730265,
9.29168060126183,"2-Cyclopenten-1-one, 2-hydroxy-3,4-dimethyl-",85.8280816432368,True,C7H10O2,,,18681.0618881281,
17.6456609466449,Allyl undecanoate,75.8709103400703,True,C14H26O2,,,18580.9410358154,
8.15869162920316,"Pentanoic acid, 4-oxo-, methyl ester",86.2145482987917,True,C6H10O3,,,18368.6812658877,
10.0226086715296,"Benzofuran, 2-methyl-",63.5456554704286,True,C9H8O,,,18173.8946149683,
9.82631804090847,1-Azaspiro[4.4]nonane,59.5113641267388,True,C8H15N,,,18121.9437725344,
15.4031028874942,4-Hexen-3-one,64.8283233565063,True,C6H10O,,,18097.8781168736,
22.7660483433722,"2-(3-Methoxyphenyl)-1,3-benzoxazol-6-amine",61.6556004527619,True,C14H12N2O2,,,18019.5924973316,
8.71809129090641,1-(3H-Imidazol-4-yl)-ethanone,80.4666230631391,True,C5H6N2O,,,17960.147061251,
13.4472356977267,"2',4'-Dihydroxy-3'-methylacetophenone",68.8056381587031,True,C9H10O3,,,17918.7669325433,
22.4036159539636,Pyrene,68.874528139357,True,C16H10,,,17813.863508185,
22.401300068068,Fluoranthene,71.2970563906073,True,C16H10,,,17813.863508185,
18.1182855906567,"2,1,3-Benzothiadiazole-5-carboxylic acid",56.8561198170055,True,C7H4N2O2S,,,17571.985385627,
13.7737299032259,"4-Pyridinamine, N,N-dimethyl-",67.0469987906824,True,C7H10N2,,,17495.3338695965,
16.9204614665908,"1(2H)-Naphthalenone, 3,4-dihydro-6-methoxy-",69.1067309706149,True,C11H12O2,,,17494.1673176971,
17.828566379965,"2H-Benzopyrane-3-carbohydrazide, 2-oxo-",63.9009686860493,True,C10H8N2O3,,,17276.2532312014,
13.4188312386897,"2H-Benzimidazol-2-one, 1,3-dihydro-5-methoxy-",68.2613807447412,True,C8H8N2O2,,,17192.3441786383,
14.1677557185889,Acenaphthene,64.0872774237895,True,C12H10,,,17072.0119356703,
10.1149555569416,"1,3,7-Octatrien-5-yne",66.2458063206352,True,C8H8,,,16643.0320075661,
13.169952859537,"Hexanoic acid, 2-ethyl-, ethyl ester",65.6408400197077,True,C10H20O2,,,16583.1161043325,
24.8764136874591,"3,3',5,5'-Tetramethyl-4,4'-dimethoxy-1,1'-biphenyl",62.6359130055273,True,C18H22O2,,,16547.7820326274,
19.3055431776426,"Iron, tricarbonyl[(1,2,3,4-.eta.)-2,3-dimethyl-1,3-butadiene]-",62.5027226597149,True,C9H10FeO3,,,16540.9284104329,
20.451157493637,9H-Fluoren-9-ol,67.6897307095801,True,C13H10O,,,16500.8685938016,
22.1951240944405,"Undecanoic acid, methyl ester",62.992958494269,True,C12H24O2,,,16459.192789471,
12.2953617630771,"1H-Inden-5-ol, 2,3-dihydro-",70.8044741512265,True,C9H10O,,,16372.3218025982,
17.7820274021301,"4-tert-Butyl-1(1-thioxo-2,2-dimethyl-propyl)-benzene",54.8632410609508,True,C15H22S,,,16364.908914539,
17.7826965646524,2-methyl-3-((trimethylsilyl)ethynyl)cyclopent-2-en-1-one,65.0182523247266,True,C11H16OSi,,,16364.908914539,
15.9862468354758,"2(1H)-Quinoxalinone, 3-methyl-",75.4111085582636,True,C9H8N2O,,,16289.0000982285,
8.70498044353566,"Benzene, 1-methoxy-4-methyl-",85.7809611475208,True,C8H10O,,,16276.768888263,
9.93471296983042,"Propanoic acid, anhydride",61.4972905522156,True,C6H10O3,,,16264.2769009436,
11.6535600934837,"2-Butynenitrile, 4,4,4-trifluoro-",60.3616067384935,True,C4F3N,,,16186.3520249143,
13.6331717597901,"3-Acetyl-2,5-dimethylthiophene",68.6841342688171,True,C8H10OS,,,15944.242100523,
17.460020532173,"Benzene, 1,1'-(1,1,2,2-tetramethyl-1,2-ethanediyl)bis-",59.2459483343246,True,C18H22,,,15932.9042321784,
14.6988106577922,"Silane, ethyltrimethoxy-",69.3165895694793,True,C5H14O3Si,,,15827.0580439248,
12.2799732937715,"1H-Pyrazole-1-carboximidamide, 3,5-dimethyl-",63.6772606079514,True,C6H10N4,,,15820.3214908023,
12.2817218994847,3-Furaldehyde,60.4828682302655,True,C5H4O2,,,15820.3214908023,
11.1867318462923,"Ethanone, 1-(4-methylphenyl)-",61.7795752514218,True,C9H10O,,,15730.8019289773,
14.8091829267582,"m-Phenylenediamine, TMS derivative",59.0065164646045,True,C9H16N2Si,,,15663.4297419072,
17.9990370876806,methyl 4-methylnaphthalen-1-yl ether,55.6867183674669,True,C12H12O,,,15651.7984446166,
14.8092224304541,"m-Cresol, TMS derivative",60.3025244788972,True,C10H16OSi,,,15571.7944165363,
5.70265150147416,2-Acetyl-2-methyltetrahydrofuran,73.4499338672231,True,C7H12O2,,,15570.079075664,
9.92360204201215,3-Methylbutan-2-yl (E)-2-methylbut-2-enoate,73.7099643028508,True,C10H18O2,,,15435.840887981,
16.6191900663712,"Benzeneacetic acid, 4-hydroxy-3-methoxy-, methyl ester",50.6175508134885,True,C10H12O4,,,15361.4791383675,
15.0586793325014,"1,2-Oxaphosphole, 3,5-bis(1,1-dimethylethyl)-2,5-dihydro-2-hydroxy-, 2-oxide",77.0681527553748,True,C11H21O3P,,,15352.2830542381,
12.1940951117849,Benzyl methyl sulfide,54.2758588419508,True,C8H10S,,,15316.2776675394,
20.1034611102439,"1-Acetyl-4,6,8-trimethylazulene",58.4669956795648,True,C15H16O,,,15224.4612184566,
7.26289887277729,4(1H)-Pyrimidinone,77.8744320105475,True,C4H4N2O,,,15215.9273336659,
20.1026263397911,"Benzo[b]-1,8-naphthyridin-5(10H)-one, 10-methyl-",57.9763864423716,True,C13H10N2O,,,15208.1333722223,
15.5883069542322,2-(5-Fluoro-2-methyl-1H-indol-3-yl)-ethylamine,52.5950554536434,True,C11H13FN2,,,14958.3270978728,
15.592640889026,"5-Isopropenyl-2-hydroxy-2,4,6-cycloheptatrien-1-one",61.2955521176378,True,C10H10O2,,,14958.3270978728,
12.5055781033824,"1H-Benzimidazole, 5-methoxy-",69.6192611261066,True,C8H8N2O,,,14883.8244989266,
18.5487232206459,"5,7-Dimethylpyrimido-[3,4-a]-indole",81.7204834425986,True,C13H12N2,,,14692.3642570845,
4.24003800019918,"Cyclobutene, 2-propenylidene-",85.5186996960753,True,C7H8,,,14593.3998891112,
5.15572637901053,"2-Butenoic acid, (E)-",82.9949764509544,True,C4H6O2,,,14581.6984409638,
30.5398030294991,"Rac-glycerol-1,3-dilaurate",54.5443851998557,True,C27H52O5,,,14249.9058298994,
18.9794935507842,4-Methoxyphenylacetic acid ethyl ester,60.2995751308874,True,C11H14O3,,,14032.4826721104,
19.7813336826235,"Fumaric acid, 2,4,4-trimethylpentyl 2-methylpent-3-yl ester",72.1075411020578,True,C18H32O4,,,14013.3526080907,
19.7667990941341,"Pipecolic acid, N-butoxycarbonyl-, undecyl ester",50.1682680629753,True,C22H41NO4,,,14013.3526080907,
24.8199072480945,"3,7-Dimethyl-2,3,3a,4,5,6-hexahydro-1-benzofuran",54.9498974095122,True,C10H16O,,,13889.1694236755,
8.25864014002338,"2-Furanmethanol, acetate",73.1582440895595,True,C7H8O3,,,13869.2472836861,
6.28168352171881,"2-Butenoic acid, 3-methyl-",66.0968241404879,True,C5H8O2,,,13729.5613897174,
6.28101760458774,4-Morpholineethanol,58.9616196572381,True,C6H13NO2,,,13729.5613897174,
17.233765010222,"Cyclopropanecarboxamide, N-benzyl-N-phenethyl-",51.1160630956001,True,C19H21NO,,,13726.1909901399,
19.457134162891,"1-Adamantylamine, N-tert-butyldimethylsilyl-",70.6453462845866,True,C16H31NSi,,,13723.5786985607,
18.0620183944507,"1,1'-Biphenyl, 2-butoxy-",65.117306248164,True,C16H18O,,,13710.4629191551,
15.3598639268568,"l-Alanine, N-(4-ethylbenzoyl)-, heptyl ester",66.0532461288866,True,C19H29NO3,,,13696.6529633219,
25.9205075336328,"4-Methyl-13-oxa-2,3-diazatetracyclo[12.4.0.0(2,6).0(7,12)]octadeca-1(14),3,5,7(12),8,10,15,17-octaene-16,17-dicarbonitrile",63.4792010437496,True,C18H10N4O,,,13471.1397992358,
25.9204695815712,"Dibenzo[e,g]benzimidazole, 2-(2-furyl)-3-methyl-",65.3886533135325,True,C20H14N2O,,,13471.1397992358,
16.302730742521,"2',6'-Dihydroxy-3'-methylacetophenone",53.5767338593527,True,C9H10O3,,,13352.0468922367,
16.6702252835351,"Fumaric acid, di(1-adamantylmethyl) ester",52.9548831614209,True,C26H36O4,,,13287.4382126159,
18.7153621312624,"4H-1-Benzopyran-4-one, 6-hydroxy-2-methyl-",61.375187480771,True,C10H8O3,,,13269.6452759497,
16.6702244561017,"N-Benzyl-1-(tert-butyl)-N,1,1-trimethylsilanamine",52.8146737890224,True,C14H25NSi,,,13245.248899872,
10.8015849320434,"Benzaldehyde, 2-methyl-",71.3701897619916,True,C8H8O,,,13222.8610513507,
18.4891575828132,"Benzene, 1-ethyl-2,3,4,5,6-pentafluoro-",68.4686650457315,True,C8H5F5,,,13166.0397834593,
20.657484971382,"6-Methoxyfuro[2,3-h]chromen-2-one",69.8087169696744,True,C12H8O4,,,13067.0789302355,
20.6557294255368,"Ethanone, 1-[6-hydroxy-2-(1-methylethenyl)-7-benzofuranyl]-",66.0409457943846,True,C13H12O3,,,13067.0789302355,
11.9872636670071,"2,3-Anhydro-d-mannosan",81.5050037231979,True,C6H8O4,,,13022.8974683085,
9.3259949440524,"2-Cyclohexen-1-one, 3-methyl-",67.7066591036792,True,C7H10O,,,12734.5325474563,
18.7371748205935,"Benzene, chloropentafluoro-",54.4927843256574,True,C6ClF5,,,12684.6740633742,
21.6638709565482,"3,5-Dinitro-4-hydroxybenzaldehyde",56.5162061742917,True,C7H4N2O6,,,12684.4885803166,
23.5188569657761,"2,7-Dimethoxyphenazine",65.733979885546,True,C14H12N2O2,,,12532.6233561039,
13.4756537147994,"2,5,6-Trimethylbenzimidazole",66.4639699023161,True,C10H12N2,,,12532.3748727047,
13.1633679051452,"1H-Pyrazol-4-amine, 3,5-dimethyl-",61.5938002215463,True,C5H9N3,,,12346.3839209983,
13.1633738472095,"dl-Aspartic acid, N-acetyl-",61.2677493745587,True,C6H9NO5,,,12346.3839209983,
19.6281058385105,"1,2,3,4-Tetrahydro-9-acridanone",54.7629210909785,True,C13H13NO,,,12270.122925184,
19.627805240985,"2-Ethyl-2-phenyl-1,3-benzodioxole",54.7074244384233,True,C15H14O2,,,12270.122925184,
17.7369505141237,Precocene I,52.8307708921169,True,C12H14O2,,,12233.6763115685,
9.06777537820213,"2,2-Dimethyl-3-heptanone",62.1822140721611,True,C9H18O,,,12206.8732246861,
12.0808390245764,6-Isoquinolinamine,62.790157422166,True,C9H8N2,,,12182.2986538299,
7.54031794237048,"2-Cyclopenten-1-one, 3,4-dimethyl-",82.9969236028319,True,C7H10O,,,12102.2682835227,
12.0028806560055,"(2S,6R,7S,8E)-(+)-2,7-Epoxy-4,8-megastigmadiene",55.4652531447731,True,C13H20O,,,12082.270118807,
16.4859144173139,"5-Nitro-2,1,3-benzoxadiazole 3-oxide",55.5104105873381,True,C6H3N3O4,,,12082.2155485743,
13.4090214468615,"2,6-Dimethyl-4H-furo[3,2-c]pyran-4-one",67.9158960689847,True,C9H8O3,,,12008.5746555236,
11.5339130611888,"3-Acetyl-2,5-dimethyl furan",63.5048586826511,True,C8H10O2,,,11980.6950324219,
10.4553957501807,"2(3H)-Furanone, dihydro-5-(2-octenyl)-, (Z)-",60.6440274615637,True,C12H20O2,,,11951.3270201123,
22.5118491601981,"9-Ethyl-10-methyl-9-aza-10-sila-9,10-dihydroanthracene",62.1338910047278,True,C15H17NSi,,,11875.578000247,
22.454573812307,"L-Leucine, N-methyl-N-(octyloxycarbonyl)-, dodecyl ester",62.3018547572082,True,C28H55NO4,,,11829.3827357638,
21.3340281406469,"3-Methyl-1,4,5,8-tetraza-phenanthrene",55.752741251573,True,C11H8N4,,,11723.7682027301,
16.2320410480288,"Benzene, 1,2-dimethoxy-4-(1-propenyl)-",53.8385313866647,True,C11H14O2,,,11670.5726060446,
11.5353280606377,"1-Propanone, 1-(1-cyclohexen-1-yl)-",70.4836895879435,True,C9H14O,,,11527.2578242513,
10.4884745086105,(4-Fluoro-benzyl)-phenethyl-amine,61.1192601508465,True,C15H16FN,,,11311.0363489971,
17.6344473853888,"Naphthalene, 2-ethoxy-",59.4455785761469,True,C12H12O,,,11216.7857001332,
21.7309564161576,"Nonadecane-2,4-dione",61.7804172849381,True,C19H36O2,,,11197.2862115998,
7.65772275594675,"1,2-Propanediol, 1-phenyl-",77.5966396956362,True,C9H12O2,,,11100.6062628149,
16.9170045827129,2-Methyl-1(2H)-phthalazinone,60.7559978486971,True,C9H8N2O,,,11069.2377618965,
14.6643770777224,"Benzo[b]thiophene, 3,5-dimethyl-",60.7580481769205,True,C10H10S,,,11049.6618720078,
14.5603322291729,"Phenol, 2,5-bis(1-methylethyl)-, acetate",50.3235442131151,True,C14H20O2,,,11048.5620179351,
13.3301257558073,"Propanoic acid, ethenyl ester",63.8076806174462,True,C5H8O2,,,11035.8963458192,
21.8857294100983,Methyl 2-[diphenylphosphinylamino]-2-isobutylacetate,59.7719820531166,True,C19H24NO3P,,,10986.3354584959,
13.9670661974605,"Benzenehexanenitrile, .beta.,.beta.-dimethyl-.epsilon.-oxo-",63.7232993557725,True,C14H17NO,,,10856.8305520569,
13.9659423228408,4-Nitrophenyl-.beta.-phenylpropionate,62.5944089159966,True,C15H13NO4,,,10856.8305520569,
8.94515020215708,"3,4,5,6-Tetrahydrophthalic anhydride",69.7664097417669,True,C8H8O3,,,10841.1543750003,
21.5385855915667,"4,5-Dimethoxy-2-hydroxyacetophenone",72.0629636621617,True,C10H12O4,,,10793.9488511828,
20.289109678227,"1H-Indene, 2-phenyl-",74.7271198638142,True,C15H12,,,10749.7273462951,
20.4992046354464,"3,4-Methylenedioxycinnamic acid",66.513621721024,True,C10H8O4,,,10659.2018706237,
14.3754211450092,Probarbital,56.2635573367637,True,C9H14N2O3,,,10595.7551810031,
16.2171020131224,"2,3,4-Trifluorobenzoic acid, 2-chloroethyl ester",53.4660650825079,True,C9H6ClF3O2,,,10585.5134082023,
25.2924465477253,"Phthalic acid, 3,5-dimethylphenyl 4-isopropylphenyl ester",51.6571906740233,True,C25H24O4,,,10370.5008769814,
15.5389980861236,N-Dimethylaminomethyl-tert.-butyl-isopropylphosphine,67.9823707094877,True,C10H24NP,,,10348.9907199109,
21.8394440964902,1-(4-Methoxyphenyl)-2-(4-pyrimidinyl)ethylene (E),64.5714109407706,True,C13H12N2O,,,10344.7379624206,
9.59279829136366,"3,3-Diisopropyl-N-methylazetidin-2,4-dione",74.4514680174444,True,C10H17NO2,,,10222.8630773412,
12.5771617211138,"1-Methyl-1,2,3,4-tetrahydronaphthalen-1-ol",66.5136513953481,True,C11H14O,,,10181.996483358,
19.6959713578136,5-Methoxyindole-2-carboxylic acid,61.3287133416354,True,C10H9NO3,,,10181.7107071761,
19.6959711285466,"2-Trifluoromethylbenzoic acid, 2-chloroethyl ester",80.422278972813,True,C10H8ClF3O2,,,10127.2813526803,
10.6480259747476,"Benzeneacetic acid, .alpha.-cyano-, ethyl ester",62.9043421528382,True,C11H11NO2,,,9901.9313502734,
11.7815355858574,"Benzoic acid, 3-methyl-, methyl ester",64.1111085245578,True,C9H10O2,,,9881.19298790064,
17.7172065420797,"3-Acetyl-2,5,6-trimethylhydroquinone",66.8881457830102,True,C11H14O3,,,9826.11053205532,
22.1476997074104,Celestolide,57.5290844850492,True,C17H24O,,,9632.95350488264,
15.3711790835696,"Acridine, 9,10-dihydro-",50.5775674261555,True,C13H11N,,,9623.12142375552,
9.41774039868809,"Hepten-2-yl angelate, 6-methyl-5-",74.387687217098,True,C13H22O2,,,9610.28334541736,
9.41778476974521,"2,5(1H,3H)-Pentalenedione, tetrahydro-, cis-",64.2114864822661,True,C8H10O2,,,9610.28334541736,
11.3447160031994,"1-Butylbicyclo(3.2.2)nona-3,6,8-trien-2-one",56.9545323286627,True,C13H16O,,,9602.17123143027,
5.51544736687639,Diethylcyanamide,84.9791778869547,True,C5H10N2,,,9598.85161496931,
10.5672445166301,trans-8a-Methylperhydroazulen-4(1H)-one,60.5667528488688,True,C11H18O,,,9481.45744710141,
18.0900605071704,"d-Proline, N-(2-chloroethoxycarbonyl)-, dodecyl ester",57.4010189825463,True,C20H36ClNO4,,,9403.83302923311,
23.5855320981372,"Benzamide, N-(3-methylphenyl)-4-nitro-",65.6922030394351,True,C14H12N2O3,,,9281.6626397094,
10.720909604435,"(2S,5S)-2-Butyl-5-(pent-4-en-1-yl)pyrrolidine",59.6917434798706,True,C13H25N,,,9243.10915762991,
16.009277804373,"Benzo[b]thiophene, 3,5-dimethyl-",73.4037501054795,True,C10H10S,,,9217.54102880841,
16.0098752706524,"Benzo[b]thiophene, 2-ethyl-",79.565984664685,True,C10H10S,,,9217.54102880841,
21.1329661999788,"2,5-Diaminobenzophenone",60.9890714142525,True,C13H12N2O,,,9216.38250945161,
18.5156191169005,"2H-1-Benzopyran-2-one, 7-methoxy-",57.1697922477794,True,C10H8O3,,,9151.59840250822,
28.5214577485992,"1H-isoindole-1,3(2H)-dione, 2-(5-methoxy-8-nitro-1-naphthalenyl)-",66.4408983937306,True,C19H12N2O5,,,9097.94354882,
20.3790440920558,"7-Isoquinolinol, 1,2,3,4-tetrahydro-6-methoxy-2-methyl-1-[2-(3,4,5-trimethoxyphenyl)ethyl]-",54.0147223164952,True,C22H29NO5,,,9067.25985822789,
20.3790441158802,9H-Xanthene-9-carboxylic acid 4-iodo-phenyl ester,58.6920076730387,True,C20H13IO3,,,9065.16258419851,
18.1946733688049,6-Methoxy-3-methylbenzofuran,51.2197203518078,True,C10H10O2,,,9059.03284135859,
14.8990142019439,"Phosphoric acid, dimethyl 1-methylpropenyl ester",72.0825318205429,True,C6H13O4P,,,9001.03870941562,
18.3281273492417,"4',6'-Dihydroxy-2',3'-dimethylacetophenone",64.517104143668,True,C10H12O3,,,8971.01397418982,
24.4946183396669,"pyrazino[2,3-b:5,6-b']diquinoxaline",65.4767961627958,True,C16H8N6,,,8942.00404274522,
13.3305472274143,"2,3-Pentanedione",65.0048969313329,True,C5H8O2,,,8925.05341236372,
16.6589373207985,"3,3',5,5'-Tetramethyl-2,2'-bifuryl",80.0296150076953,True,C12H14O2,,,8833.57049520904,
10.7069603969632,"Fumaric acid, 2-methoxyphenyl 2-ethylhexyl ester",59.1248227674249,True,C19H26O5,,,8829.21641463684,
10.9190698278204,"Propanoic acid, phenyl ester",55.6098306187995,True,C9H10O2,,,8819.1477734034,
23.6829579288236,"l-Valine, n-heptafluorobutyryl-, nonyl ester",55.5663209375713,True,C18H28F7NO3,,,8805.98298070705,
20.0455835337428,"1,5-Dihydroxy-6-methoxyxanthone",68.2581676685452,True,C14H10O5,,,8746.22233819653,
14.7369511656976,"Benzoic acid, 2-(2-methylbutyl)amino-, methyl ester",61.4811870516928,True,C13H19NO2,,,8717.0155556031,
17.9314352063465,methyl 4-methylnaphthalen-1-yl ether,62.032437941726,True,C12H12O,,,8684.64196149131,
14.2164326892477,"Benzamide, 2-methoxy-N-(3,4-dimethoxyphenethyl)-",57.2573648374819,True,C18H21NO4,,,8617.3827292938,
10.2134330133546,"4-Hexen-3-one, 5-methyl-",76.3013553548632,True,C7H12O,,,8586.04540824475,
10.7472116393461,"Benzene, 1-ethoxy-4-fluoro-",69.0442680576384,True,C8H9FO,,,8513.31155865201,
17.2391927192748,"1-(p-Tolyl)-3,4,5,6-tetrahydro-2(1H)-pyrimidinone",58.9303539268911,True,C11H14N2O,,,8498.88746002998,
25.344673892513,"N-(3-Amino-4-methoxyphenyl)-3,5-dimethoxybenzamide",67.6294433394985,True,C16H18N2O4,,,8446.32035328976,
13.9992663390568,"Toluene, 4-(1,1-dimethyl-2-propynyloxy)-",65.491355276825,True,C12H14O,,,8385.48683796687,
19.1591934591041,"1-Methyl-2,5-dipropyldecahydroquinoline",58.4436999926489,True,C16H31N,,,8344.57962025604,
21.9045750657018,"1H-Benzo[d,E]phthalazine, 6-methoxy-1,3-dimethyl-",59.5362205311386,True,C14H14N2O,,,8224.70014854703,
10.868653644894,"1,2-Benzenediol, o-(3-methylbut-2-enoyl)-",60.647518690518,True,C11H12O3,,,8106.90104622064,
15.5546691504945,5H-Tetrazol-5-amine,61.5177051488672,True,CH3N5,,,8059.00833277476,
20.2287890269412,"1H-Indene, 2-phenyl-",67.7347534690555,True,C15H12,,,7972.31271800741,
15.439564571966,"l-Alanine, N-(4-ethylbenzoyl)-, dodecyl ester",61.9143784158526,True,C24H39NO3,,,7969.05693196353,
14.2811115209369,"6,7-Dimethyl-3H-isobenzofuran-1-one",52.3923066421593,True,C10H10O2,,,7936.84620344744,
6.18562440131875,Pentanoic acid,73.8840820579583,True,C5H10O2,,,7782.55453201026,
7.37162347272929,"Hepten-2-yl tiglate, 6-methyl-5-",72.3982481804813,True,C13H22O2,,,7726.59421875,
20.6152467366954,"p,p'-Ditolylamine",69.6501386483836,True,C14H15N,,,7677.40183063601,
23.6841982808896,Dodecyl acrylate,56.7770464274646,True,C15H28O2,,,7677.35925686425,
20.8568405606727,"Phenol, 2,2'-methylenebis-",53.0284996187411,True,C13H12O2,,,7672.24920821622,
22.977494265815,1-Methyl-2-ethyl-5-tridecylpyrrolidine,55.3407040008745,True,C20H41N,,,7619.97066673137,
19.4293353367606,"Benzoic acid, 2,4-dimethoxy-6-methyl-, methyl ester",53.6856127029977,True,C11H14O4,,,7619.26716473159,
19.4291378210511,"3-Acetyl-2,5,6-trimethylhydroquinone",54.4754383072844,True,C11H14O3,,,7619.26716473159,
19.2900175546652,2-Cyano-6-methoxybenzothiazole,51.5848927795761,True,C9H6N2OS,,,7605.89453885654,
18.4659850115513,"3-Chloro-2-fluorobenzoic acid, methyl ester",54.8375040964272,True,C8H6ClFO2,,,7595.06970417353,
12.9569712885331,"3-Acetyl-2,5,6-trimethylhydroquinone",53.8810278823179,True,C11H14O3,,,7589.74428301214,
3.82538119820558,3-Penten-2-one,81.8537882964703,True,C5H8O,,,7542.59134878859,
23.1016829008737,"Terephthalic acid, piperidide, hexyl ester",54.355823449837,True,C19H27NO3,,,7515.59274992385,
7.68206804544654,"Hydratropic acid, undec-2-en-1-yl ester",62.7197226145482,True,C20H30O2,,,7402.40150639343,
8.18912558061942,"1-Pentyn-3-amine, 3-methyl-",51.5236797499992,True,C6H11N,,,7233.06086155793,
11.3794822059297,"Cyclopentane, 1,2,3,4,5-pentamethyl-",63.0113522705909,True,C10H20,,,7129.70773258107,
24.8024737014431,"Succinic acid, cyclohexylmethyl 2,2,3,4,4,4-hexafluorobutyl ester",65.867178099428,True,C15H20F6O4,,,7002.2497037353,
17.4067410245559,"2-Acetyl-3,5-dimethylbenzo(b)thiophene",63.6553587664041,True,C12H12OS,,,6929.91993308479,
6.89543771175288,Anisole,63.6062535576728,True,C7H8O,,,6774.55046161002,
7.00819464603446,"5-(Piperidin-1-ylmethyl)-3-pyridin-3-yl-5,6-dihydro-4H-1,2,4-oxadiazine",62.9141918456547,True,C14H20N4O,,,6734.69554112951,
17.3204155254078,"Boron, diethyl[3-imino-2-(1-iminoethyl)butanenitrilato-N2,N3]-, (t-4)-",66.861905878576,True,C10H18BN3,,,6716.4593951612,
23.987831131713,"2,3-Dihydro-thieno[3,4-b][1,4]dioxine-5,7-dicarboxylic acid dimethyl ester",50.3390484704195,True,C10H10O6S,,,6617.90500709111,
19.0127368527304,"5,7-Dimethylpyrimido-[3,4-a]-indole",74.3978748073089,True,C13H12N2,,,6611.79800594791,
20.7629112588872,"3,7-Dimethyldibenzothiophene",67.2252941678837,True,C14H12S,,,6510.14581872226,
8.60390140065206,"2-Cyclohexen-1-one, 4,4-dimethyl-",71.2268966018909,True,C8H12O,,,6505.23771336237,
8.60365507937548,"4(1H)-Pyrimidinone, 2,6-dimethyl-",63.4252416396531,True,C6H8N2O,,,6505.23771336237,
24.8564258048023,".beta.-Alanine, n-heptafluorobutyryl-, dodecyl ester",62.911893975917,True,C19H30F7NO3,,,6471.45656917887,
20.8065762674188,1-Hydroxyphenazine,59.7984664926201,True,C12H8N2O,,,6413.35142461063,
20.43414974311,"Thiazolo[4,5-f]quinoline, 2-methyl-",61.7020001328652,True,C11H8N2S,,,6405.12919998933,
22.9552036380238,Benzo[kl]xanthene,57.3748390450805,True,C16H10O,,,6383.87859648487,
20.1417051637474,"2,3-Dihydro-1H-2-isopropylcyclopenta[b]quinoxaline",70.2184582740183,True,C14H16N2,,,6352.66305086898,
7.3757113267732,"Furan, 2-methoxy-",88.4319419426606,True,C5H6O2,,,6254.04266624855,
10.4118920344934,"Hydrazine, (4-methoxyphenyl)-",65.5375436715564,True,C7H10N2O,,,6173.38622052523,
24.5094154027433,"benzenepropanamide, .alpha.-[[3-(dimethylamino)phenyl]imino]-.beta.-oxo-N-phenyl-",57.0645647370419,True,C23H21N3O2,,,6150.54896413668,
22.0395324812732,"Oxybis(ethane-2,1-diyl) bis(2,3,4,5,6-pentafluorobenzoate)",52.432320660626,True,C18H8F10O5,,,6097.54737056609,
22.3356322376181,2-Methoxy-6-(4-trifluoromethylphenyl)naphthalene,50.7767903253172,True,C18H13F3O,,,6092.56615229926,
8.06933475592907,"2,3-Bis-methylamino-succinonitrile",55.7365799714158,True,C6H10N4,,,6086.74305731222,
13.5082242877845,"Benzaldehyde, 2,4-difluoro-3-hydroxy-",77.746579879062,True,C7H4F2O2,,,6076.87426468301,
11.5545880005559,1-(5'-methylfurfuryl)pyrrolidine,65.0346747296265,True,C10H15NO,,,6005.18496974339,
20.9682798700783,"Naphthalene, 2-phenyl-",69.9858215085582,True,C16H12,,,5974.30726364148,
3.69163588503097,"Ethane, 1,1-diethoxy-",85.970261626855,True,C6H14O2,,,5936.39867475278,
21.4147411794841,"1-Bromo-2,3,5,6-tetrafluorobenzene",61.7314146912304,True,C6HBrF4,,,5899.8427272563,
13.1932795638415,"Benzoic acid, 4-ethyl-, methyl ester",75.1887165275228,True,C10H12O2,,,5842.32005740384,
9.77923692697836,"Imidazole, 5-fluoro-4-methyl-",58.2744790219548,True,C4H5FN2,,,5813.49079666075,
21.7305677348363,"Phosphoric acid, diundecyl methyl ester",54.7119503777081,True,C23H49O4P,,,5806.39246989822,
21.7305662626484,Allyl heptanoate,56.9190723268207,True,C10H18O2,,,5806.39246989822,
24.79161771892,"DL-Valine, N-methyl-N-decyloxycarbonyl-, tridecyl ester",55.9105256609617,True,C30H59NO4,,,5719.65347888607,
17.5862000528345,"Benzeneethanamine, N-(2-phenylethyl)-",65.6889361343139,True,C16H19N,,,5678.85234080568,
6.23387857110528,"Furan, 2-ethyl-",78.8115386403394,True,C6H8O,,,5658.52776709525,
6.23387910143611,"Furan, 2-ethyl-",78.8080415826164,True,C6H8O,,,5658.52776709525,
17.0061935845284,N-Methylcoclaurine,60.0371299935636,True,C18H21NO3,,,5628.97444992926,
23.7706553439379,11H-Benzo[b]fluorene,62.2108796108611,True,C17H12,,,5543.60172045258,
20.059404829913,2-Heptadecanone,59.0134127858943,True,C17H34O,,,5537.07211973438,
12.7069668236773,"3-Acetyl-2,5,6-trimethylhydroquinone",76.7771555306725,True,C11H14O3,,,5485.97642707068,
15.1878731985003,"Naphthalene, 1,2-dimethyl-",65.4594068329525,True,C12H12,,,5466.48691089629,
19.5902728721909,5-Phenyl-2-(4-pyridyl)oxazole,67.5064983776582,True,C14H10N2O,,,5442.01344080459,
32.93893525615,"5-Difluoromethyl-7-hydroxypyrazolo[1,5-a]pyrimidine-3-carboxylic acid, ethyl ester",64.0695167439524,True,C10H9F2N3O3,,,5405.03908467864,
25.5755406524766,Diphenylmethanone (4-methylphenyl)hydrazone,51.1406014113497,True,C20H18N2,,,5404.42490215904,
15.1884566762148,"2H-imidazole-2-thione, 1,3-dihydro-1-methyl-5-(1-methylethyl)-",58.3746724008483,True,C7H12N2S,,,5396.12773863028,
18.422150452601,"Benzene, ethylpentamethyl-",63.5991801726019,True,C13H20,,,5309.9434921264,
9.89158657269262,"3,5-Dimethyl-2-furyl methyl ketone",63.6696231170038,True,C8H10O2,,,5305.92579364769,
17.3144875489001,Bromine,59.5352610854406,True,Br2,,,5276.94367149827,
23.7935199749311,3'-Amino-6-methoxyaurone,73.5907688050674,True,C16H13NO3,,,5237.83768840038,
19.9915578957292,"Phthalide, 4,6-dimethoxy-",70.669381579937,True,C10H10O4,,,5142.20076821868,
19.9915580304342,Anthrone,68.0608523460991,True,C14H10O,,,5142.20076821868,
11.5304699548798,1-[[1-Phenylcyclohexyl]methyl]piperidine,54.5507586589653,True,C18H27N,,,5035.09940417846,
22.0329233340978,"Diethylmalonic acid, di(2-nitrophenyl) ester",51.0559428089816,True,C19H18N2O8,,,4945.9511305176,
17.176414332637,p-(Dimethylamino)benzaldehyde oxime,56.1660736927462,True,C9H12N2O,,,4920.58583522957,
34.6204817489116,"Acetamide, N-[1-(4-hydroxyphenyl)ethyl]-2-thiophen-2-yl-",56.6475548015082,True,C14H15NO2S,,,4894.18867819215,
25.4995242928119,"4,4'-Oxybis(phthalonitrile)",50.264010546007,True,C16H6N4O,,,4864.37492801464,
23.6575023315259,"1H-1,2,3-Benzotriazole, 5,6-dimethyl-1-[(E)-2-phenylethenyl]-",50.3664845478984,True,C16H15N3,,,4858.12418615723,
12.8783632210233,"2-Ethylbutyric acid, 5-methyl-2-methoxyphenyl ester",56.267040716674,True,C14H20O3,,,4815.67347255893,
22.0325641276475,1-Methylcyclohexylcarboxylic acid,51.7073971172579,True,C8H14O2,,,4753.80726010522,
19.889473107175,"2-(Ethylamino)ethanol, N-pentafluoropropionyl",58.4676983653878,True,C7H10F5NO2,,,4732.20397684085,
6.41916974660152,Styrene,85.2580397436148,True,C8H8,,,4674.76992698159,
14.188436523009,"1-Undecene, 9-methyl-",58.9827978361917,True,C12H24,,,4611.82523930678,
10.3265698700482,"5-Oxohexanethioic acid, S-t-butyl ester",50.849547140205,True,C10H18O2S,,,4529.25130507428,
10.6216757924743,"1-Pentanone, 1-(4-methylphenyl)-",76.0184792868559,True,C12H16O,,,4409.91616978295,
17.9775243208462,"4,4-Dimethyl-1,2,3,4-tetrahydro-.gamma.-carboline",69.2436983434601,True,C13H16N2,,,4398.20623406757,
29.6672757018445,"2-(4-Methoxy-phenyl)-5,7-diphenyl-2,5-dihydro-pyrazolo[3,4-d]pyridazin-4-one",64.2761784732939,True,C24H18N4O2,,,4070.96892757421,
17.916713984217,Diisobutyl cellosolve,50.5775075767818,True,C10H22O2,,,4041.83566286471,
21.7116234966696,"2,2'-Ethylenediphenol",72.7188300834921,True,C14H14O2,,,3935.5974873223,
4.81745822510382,"Butanoic acid, ethyl ester",74.3550135671061,True,C6H12O2,,,3880.71812015286,
18.8340913891703,"2,3,4,5-Tetrafluorobenzoic acid",50.885798805758,True,C7H2F4O2,,,3878.34746912031,
34.4989709118372,4-Amino-5-phenylazobenzofurazan,56.1164562252702,True,C12H9N5O,,,3873.44102162939,
8.88591910704573,"Glutaric acid, hex-4-yn-3-yl 2-methoxyphenyl ester",57.6022070549019,True,C18H22O5,,,3806.61036165243,
10.6912181195865,"Succinic acid, heptyl 4-methylthiophenyl ester",66.5782260259631,True,C18H26O4S,,,3721.15693890166,
3.97866377582625,"2-Butanone, 3-methoxy-3-methyl-",79.3472616990924,True,C6H12O2,,,3600.70139183804,
9.92355074331176,"2-Pyrazoline-1-carboxamide, 3-methyl-",74.4278042838165,True,C5H9N3O,,,3595.8259076655,
5.61177902155023,"Butanoic acid, 2-methyl-",65.5245804162825,True,C5H10O2,,,3585.02677269898,
27.9966269291968,"3,7-Diacetoxy-2-(4-acetoxy-3-methoxyphenyl)-4H-chromen-4-one",51.9959984559119,True,C22H18O9,,,3559.48512980473,
8.80906582688269,Indane,61.1665766820913,True,C9H10,,,3379.25863041711,
15.084567056981,Aminohippuric acid,58.8094615414686,True,C9H10N2O3,,,3331.77875082759,
33.59726863637,"Thiophene, 3-methyl-",65.6534426498037,True,C5H6S,,,3244.22077297974,
12.9124936592634,"Benzaldehyde, 2,4-difluoro-3-hydroxy-",60.7616958254197,True,C7H4F2O2,,,3196.85560226318,
8.53465060821418,"(2S,6R,7S,8E)-(+)-2,7-Epoxy-4,8-megastigmadiene",82.4928929590349,True,C13H20O,,,3186.81968562811,
7.80435151368478,5-Hexenoic acid,56.2875335883069,True,C6H10O2,,,3149.41222257125,
20.3917254794621,"Benzofuran, 5-bromo-2-methyl-",65.8290005532506,True,C9H7BrO,,,3130.84297584465,
24.1329776720034,"2H,8H-Benzo[1,2-b:5,4-b']dipyran-10-propanol, 5-methoxy-2,2,8,8-tetramethyl-",70.9971635503243,True,C20H26O4,,,3109.5699001846,
28.1629385676578,"Androst-2-en-17-amine, 4,4-dimethyl-N-(2-phenylethyl)-, (5.alpha.)-",55.5155808535857,True,C29H43N,,,3081.42753679754,
19.9225995224243,"3,7-Dimethyldibenzothiophene",58.6955042051831,True,C14H12S,,,3053.92900214376,
28.4508698113846,"Androst-2-en-17-amine, 4,4-dimethyl-N-(2-phenylethyl)-, (5.alpha.)-",53.4629886023669,True,C29H43N,,,2898.08410954289,
11.4810463252355,"Benzene, 1-isocyanato-4-methyl-",62.9634447893508,True,C8H7NO,,,2891.37810723657,
6.4635915971806,"Benzene, 1,3-dimethyl-",76.7706651755887,True,C8H10,,,2854.07019498714,
21.1568068374078,"2-Phenylethylamine, N,N-dioctyl-",57.3071560042139,True,C24H43N,,,2837.90991169023,
17.3743945401001,5-Naphthalen-2-yl-2H-pyrazol-3-ol,57.5728157500591,True,C13H10N2O,,,2826.80270286896,
37.0584403486576,"4,5-Dihydro-N-phenyl-3-furamide",59.311378488289,True,C11H11NO2,,,2826.77472966011,
22.7933130069312,4-(3-Methyl-2-butenoxy)-2-methyl-2-butanol,57.1335875296944,True,C10H20O2,,,2767.86866085043,
29.760690252779,"2,4-Dibenzyl-5,8-dimethoxy-6-methyl-1-naphthol",54.8950319597104,True,C27H26O3,,,2726.36147988892,
21.3710715833384,"Pyridine, 2-(2-(4-methoxyphenyl)ethenyl)-, trans-",56.8622079105292,True,C14H13NO,,,2724.35929062097,
9.4506539328788,Isothiazole,82.1123517065773,True,C3H3NS,,,2676.13421225872,
22.7933055188065,"Succinic acid, 2,2,3,3,4,4,4-heptafluorobutyl 2-methylhex-3-yl ester",51.1288439939977,True,C15H21F7O4,,,2664.46955411306,
19.4099350736786,8-Phenylisoquinoline,53.9622246067499,True,C15H11N,,,2596.18488550347,
17.6510555303359,"Fumaric acid, 3,5-difluorophenyl pentyl ester",58.1910657214448,True,C15H16F2O4,,,2458.74763268415,
37.6821864451904,"Propanenitrile, 3-(2-methoxy-1-methylethoxy)-",60.1371096520632,True,C7H13NO2,,,2432.23896238707,
37.3565711217639,"1H-Indazol-3-ol, 1-acetyl-, acetate (ester)",55.1772482387275,True,C11H10N2O3,,,2289.62833271785,
24.6053660026015,"9H-fluorene-2,7-dicarboxylic acid, 9-oxo-",50.0410119049922,True,C15H8O5,,,2167.35971514896,
36.2999994496582,"Thiophen-2-methylamine, N,N-didecyl-",69.7614928949561,True,C25H47NS,,,1923.61620170588,
11.2909405282852,"Bicyclo[3.3.1]nonan-9-ol, 2-(4-morpholinyl)-, (endo,anti)-",60.5403546470018,True,C13H23NO2,,,1831.42102454504,
19.5063097409974,4-Propylbenzaldehyde diethyl acetal,61.0152827517801,True,C14H22O2,,,1795.48795318719,
5.04509248126564,Methylal,53.5373989063659,True,C3H8O2,,,1756.39402636545,
24.5484829954871,"Benzoic acid, 4-(5-phenyl-1,3,4-oxadiazol-2-yl)-",51.0734542932528,True,C15H10N2O3,,,1740.08627761327,
6.30709597518815,Difluorophosphoric acid,74.4762751382307,True,F2HO2P,,,1451.95203237786,
4.78341661449342,"Furan, 2-methoxy-",56.2277134608201,True,C5H6O2,,,1446.03889747471,
36.3724703872153,"3-Methylaniline, N-ethyl-N-pentyl-",54.4498525897902,True,C14H23N,,,963.912270835876,
15.5295410955397,"Cholest-2-eno[2,3-b]indole, 1'-methyl-5'-methoxy-",66.9226839342232,True,C35H53NO,,,363.753791320785,
